tissue,gSK_testicles2Plt1_B-E17_1_6369,gSK_testicles2Plt1_B-E18_1_6370,gSK_testicles2Plt1_B-E19_1_6371,gSK_testicles2Plt1_B-E21_1_6373,gSK_testicles2Plt1_B-E22_1_6374,gSK_testicles2Plt1_B-E23_1_6375,gSK_testicles2Plt1_B-E24_1_6376,gSK_testicles2Plt1_B-F17_1_6382,gSK_testicles2Plt1_B-F18_1_6383,gSK_testicles2Plt1_B-F19_1_6384,gSK_testicles2Plt1_B-F1_1_6490,gSK_testicles2Plt1_B-F20_1_6385,gSK_testicles2Plt1_B-F21_1_6386,gSK_testicles2Plt1_B-F22_1_6387,gSK_testicles2Plt1_B-F23_1_6388,gSK_testicles2Plt1_B-F24_1_6389,gSK_testicles2Plt1_B-F2_1_6491,gSK_testicles2Plt1_B-F3_1_6492,gSK_testicles2Plt1_B-F4_1_6493,gSK_testicles2Plt1_B-F5_1_6494,gSK_testicles2Plt1_B-F7_1_6451,gSK_testicles2Plt1_B-F8_1_6452,gSK_testicles2Plt1_B-G17_1_6390,gSK_testicles2Plt1_B-G18_1_6391,gSK_testicles2Plt1_B-G19_1_6392,gSK_testicles2Plt1_B-G20_1_6393,gSK_testicles2Plt1_B-G21_1_6394,gSK_testicles2Plt1_B-G22_1_6395,gSK_testicles2Plt1_B-G23_1_6396,gSK_testicles2Plt1_B-G24_1_6397,gSK_testicles2Plt1_B-H11_1_6400,gSK_testicles2Plt1_B-H12_1_6401,gSK_testicles2Plt1_B-H13_1_6402,gSK_testicles2Plt1_B-H14_1_6403,gSK_testicles2Plt1_B-H15_1_6404,gSK_testicles2Plt1_B-H16_1_6405,gSK_testicles2Plt1_B-H17_1_6406,gSK_testicles2Plt1_B-H18_1_6407,gSK_testicles2Plt1_B-H19_1_6408,gSK_testicles2Plt1_B-H1_1_6466,gSK_testicles2Plt1_B-H20_1_6409,gSK_testicles2Plt1_B-H21_1_6410,gSK_testicles2Plt1_B-H23_1_6412,gSK_testicles2Plt1_B-H24_1_6413,gSK_testicles2Plt1_B-H2_1_6467,gSK_testicles2Plt1_B-H3_1_6468,gSK_testicles2Plt1_B-H4_1_6469,gSK_testicles2Plt1_B-H5_1_6470,gSK_testicles2Plt1_B-H6_1_6471,gSK_testicles2Plt1_B-H7_1_6453,gSK_testicles2Plt1_B-H8_1_6454,gSK_testicles2Plt1_B-I10_1_6420,gSK_testicles2Plt1_B-I11_1_6421,gSK_testicles2Plt1_B-I12_1_6422,gSK_testicles2Plt1_B-I13_1_6423,gSK_testicles2Plt1_B-I14_1_6424,gSK_testicles2Plt1_B-I15_1_6425,gSK_testicles2Plt1_B-I16_1_6426,gSK_testicles2Plt1_B-I17_1_6427,gSK_testicles2Plt1_B-I18_1_6428,gSK_testicles2Plt1_B-I19_1_6429,gSK_testicles2Plt1_B-I1_1_6472,gSK_testicles2Plt1_B-I20_1_6430,gSK_testicles2Plt1_B-I21_1_6431,gSK_testicles2Plt1_B-I22_1_6432,gSK_testicles2Plt1_B-I23_1_6433,gSK_testicles2Plt1_B-I24_1_6434,gSK_testicles2Plt1_B-I2_1_6473,gSK_testicles2Plt1_B-I3_1_6474,gSK_testicles2Plt1_B-I4_1_6475,gSK_testicles2Plt1_B-I5_1_6476,gSK_testicles2Plt1_B-I6_1_6477,gSK_testicles2Plt1_B-I7_1_6455,gSK_testicles2Plt1_B-I8_1_6456,gSK_testicles2Plt1_B-J1_1_6478,gSK_testicles2Plt1_B-J2_1_6479,gSK_testicles2Plt1_B-J3_1_6480,gSK_testicles2Plt1_B-J4_1_6481,gSK_testicles2Plt1_B-J5_1_6482,gSK_testicles2Plt1_B-J6_1_6483,gSK_testicles2Plt1_B-J7_1_6457,gSK_testicles2Plt1_B-J8_1_6458,gSK_testicles2Plt1_B-K10_1_6436,gSK_testicles2Plt1_B-K12_1_6438,gSK_testicles2Plt1_B-K13_1_6439,gSK_testicles2Plt1_B-K14_1_6440,gSK_testicles2Plt1_B-K15_1_6441,gSK_testicles2Plt1_B-K16_1_6442,gSK_testicles2Plt1_B-K17_1_6443,gSK_testicles2Plt1_B-K18_1_6444,gSK_testicles2Plt1_B-K19_1_6445,gSK_testicles2Plt1_B-K1_1_6484,gSK_testicles2Plt1_B-K20_1_6446,gSK_testicles2Plt1_B-K21_1_6447,gSK_testicles2Plt1_B-K22_1_6448,gSK_testicles2Plt1_B-K23_1_6449,gSK_testicles2Plt1_B-K24_1_6450,gSK_testicles2Plt1_B-K2_1_6485,gSK_testicles2Plt1_B-K3_1_6486,gSK_testicles2Plt1_B-K4_1_6487,gSK_testicles2Plt1_B-K5_1_6488,gSK_testicles2Plt1_B-K6_1_6489,gSK_testicles2Plt1_B-K7_1_6459,gSK_testicles2Plt1_B-K8_1_6460,gSK_testicles2Plt1_B-K9_1_6435,gSK_testicles2Plt1_B-L1_1_6496,gSK_testicles2Plt1_B-L2_1_6497,gSK_testicles2Plt1_B-L3_1_6498,gSK_testicles2Plt1_B-L4_1_6499,gSK_testicles2Plt1_B-L5_1_6500,gSK_testicles2Plt1_B-L6_1_6501,gSK_testicles2Plt1_B-L7_1_6461,gSK_testicles2Plt1_B-L8_1_6462,gSK_testicles2Plt1_act_B-E24_1_6377,gSK_testicles2Plt1_re_B-H10_1_6415,gSK_testicles2Plt1_re_B-H22_1_6416,gSK_testicles2Plt1_re_B-H9_1_6414,gSK_testicles2Plt1_re_B-I9_1_6419,gSK_testicles2Plt2_B-A10_1_6514,gSK_testicles2Plt2_B-A11_1_6515,gSK_testicles2Plt2_B-A12_1_6527,gSK_testicles2Plt2_B-A13_1_6528,gSK_testicles2Plt2_B-A14_1_6529,gSK_testicles2Plt2_B-A15_1_6530,gSK_testicles2Plt2_B-A16_1_6531,gSK_testicles2Plt2_B-A17_1_6532,gSK_testicles2Plt2_B-A18_1_6533,gSK_testicles2Plt2_B-A19_1_6534,gSK_testicles2Plt2_B-A1_1_6505,gSK_testicles2Plt2_B-A20_1_6535,gSK_testicles2Plt2_B-A21_1_6536,gSK_testicles2Plt2_B-A22_1_6537,gSK_testicles2Plt2_B-A23_1_6538,gSK_testicles2Plt2_B-A24_1_6539,gSK_testicles2Plt2_B-A2_1_6506,gSK_testicles2Plt2_B-A3_1_6507,gSK_testicles2Plt2_B-A4_1_6508,gSK_testicles2Plt2_B-A5_1_6509,gSK_testicles2Plt2_B-A6_1_6510,gSK_testicles2Plt2_B-A7_1_6511,gSK_testicles2Plt2_B-A8_1_6512,gSK_testicles2Plt2_B-A9_1_6513,gSK_testicles2Plt2_B-B10_1_6525,gSK_testicles2Plt2_B-B11_1_6526,gSK_testicles2Plt2_B-B12_1_6540,gSK_testicles2Plt2_B-B13_1_6541,gSK_testicles2Plt2_B-B14_1_6546,gSK_testicles2Plt2_B-B15_1_6547,gSK_testicles2Plt2_B-B16_1_6548,gSK_testicles2Plt2_B-B17_1_6549,gSK_testicles2Plt2_B-B18_1_6550,gSK_testicles2Plt2_B-B19_1_6551,gSK_testicles2Plt2_B-B1_1_6516,gSK_testicles2Plt2_B-B20_1_6552,gSK_testicles2Plt2_B-B21_1_6553,gSK_testicles2Plt2_B-B22_1_6554,gSK_testicles2Plt2_B-B23_1_6555,gSK_testicles2Plt2_B-B24_1_6556,gSK_testicles2Plt2_B-B2_1_6517,gSK_testicles2Plt2_B-B3_1_6518,gSK_testicles2Plt2_B-B4_1_6519,gSK_testicles2Plt2_B-B5_1_6520,gSK_testicles2Plt2_B-B6_1_6521,gSK_testicles2Plt2_B-B7_1_6522,gSK_testicles2Plt2_B-B8_1_6523,gSK_testicles2Plt2_B-B9_1_6524,gSK_testicles2Plt2_B-C10_1_6566,gSK_testicles2Plt2_B-C11_1_6567,gSK_testicles2Plt2_B-C12_1_6579,gSK_testicles2Plt2_B-C13_1_6580,gSK_testicles2Plt2_B-C14_1_6581,gSK_testicles2Plt2_B-C15_1_6582,gSK_testicles2Plt2_B-C16_1_6583,gSK_testicles2Plt2_B-C17_1_6584,gSK_testicles2Plt2_B-C18_1_6585,gSK_testicles2Plt2_B-C19_1_6586,gSK_testicles2Plt2_B-C1_1_6557,gSK_testicles2Plt2_B-C20_1_6587,gSK_testicles2Plt2_B-C21_1_6588,gSK_testicles2Plt2_B-C22_1_6589,gSK_testicles2Plt2_B-C23_1_6590,gSK_testicles2Plt2_B-C24_1_6591,gSK_testicles2Plt2_B-C2_1_6558,gSK_testicles2Plt2_B-C3_1_6559,gSK_testicles2Plt2_B-C4_1_6560,gSK_testicles2Plt2_B-C5_1_6561,gSK_testicles2Plt2_B-C6_1_6562,gSK_testicles2Plt2_B-C7_1_6563,gSK_testicles2Plt2_B-C8_1_6564,gSK_testicles2Plt2_B-C9_1_6565,gSK_testicles2Plt2_B-D10_1_6577,gSK_testicles2Plt2_B-D11_1_6578,gSK_testicles2Plt2_B-D12_1_6592,gSK_testicles2Plt2_B-D13_1_6593,gSK_testicles2Plt2_B-D14_1_6594,gSK_testicles2Plt2_B-D15_1_6595,gSK_testicles2Plt2_B-D16_1_6596,gSK_testicles2Plt2_B-D17_1_6597,gSK_testicles2Plt2_B-D18_1_6600,gSK_testicles2Plt2_B-D19_1_6601,gSK_testicles2Plt2_B-D1_1_6568,gSK_testicles2Plt2_B-D20_1_6602,gSK_testicles2Plt2_B-D21_1_6603,gSK_testicles2Plt2_B-D22_1_6604,gSK_testicles2Plt2_B-D23_1_6605,gSK_testicles2Plt2_B-D24_1_6606,gSK_testicles2Plt2_B-D2_1_6569,gSK_testicles2Plt2_B-D3_1_6570,gSK_testicles2Plt2_B-D4_1_6571,gSK_testicles2Plt2_B-D5_1_6572,gSK_testicles2Plt2_B-D6_1_6573,gSK_testicles2Plt2_B-D7_1_6574,gSK_testicles2Plt2_B-D8_1_6575,gSK_testicles2Plt2_B-D9_1_6576,gSK_testicles2Plt2_B-E10_1_6616,gSK_testicles2Plt2_B-E11_1_6617,gSK_testicles2Plt2_B-E12_1_6618,gSK_testicles2Plt2_B-E13_1_6619,gSK_testicles2Plt2_B-E14_1_6620,gSK_testicles2Plt2_B-E15_1_6621,gSK_testicles2Plt2_B-E16_1_6622,gSK_testicles2Plt2_B-E17_1_6623,gSK_testicles2Plt2_B-E18_1_6624,gSK_testicles2Plt2_B-E19_1_6625,gSK_testicles2Plt2_B-E1_1_6607,gSK_testicles2Plt2_B-E20_1_6626,gSK_testicles2Plt2_B-E21_1_6627,gSK_testicles2Plt2_B-E22_1_6628,gSK_testicles2Plt2_B-E23_1_6629,gSK_testicles2Plt2_B-E24_1_6630,gSK_testicles2Plt2_B-E2_1_6608,gSK_testicles2Plt2_B-E3_1_6609,gSK_testicles2Plt2_B-E4_1_6610,gSK_testicles2Plt2_B-E5_1_6611,gSK_testicles2Plt2_B-E6_1_6612,gSK_testicles2Plt2_B-E7_1_6613,gSK_testicles2Plt2_B-E8_1_6614,gSK_testicles2Plt2_B-E9_1_6615,gSK_testicles2Plt2_B-F10_1_6653,gSK_testicles2Plt2_B-F11_1_6654,gSK_testicles2Plt2_B-F12_1_6631,gSK_testicles2Plt2_B-F13_1_6632,gSK_testicles2Plt2_B-F14_1_6633,gSK_testicles2Plt2_B-F15_1_6634,gSK_testicles2Plt2_B-F16_1_6635,gSK_testicles2Plt2_B-F17_1_6636,gSK_testicles2Plt2_B-F18_1_6637,gSK_testicles2Plt2_B-F19_1_6638,gSK_testicles2Plt2_B-F1_1_6644,gSK_testicles2Plt2_B-F20_1_6639,gSK_testicles2Plt2_B-F21_1_6640,gSK_testicles2Plt2_B-F22_1_6641,gSK_testicles2Plt2_B-F23_1_6642,gSK_testicles2Plt2_B-F24_1_6643,gSK_testicles2Plt2_B-F2_1_6645,gSK_testicles2Plt2_B-F3_1_6646,gSK_testicles2Plt2_B-F4_1_6647,gSK_testicles2Plt2_B-F5_1_6648,gSK_testicles2Plt2_B-F6_1_6649,gSK_testicles2Plt2_B-F8_1_6651,gSK_testicles2Plt2_B-F9_1_6652,gSK_testicles2Plt2_B-G10_1_6664,gSK_testicles2Plt2_B-G11_1_6665,gSK_testicles2Plt2_B-G12_1_6666,gSK_testicles2Plt2_B-G13_1_6667,gSK_testicles2Plt2_B-G14_1_6668,gSK_testicles2Plt2_B-G15_1_6669,gSK_testicles2Plt2_B-G16_1_6670,gSK_testicles2Plt2_B-G17_1_6671,gSK_testicles2Plt2_B-G18_1_6672,gSK_testicles2Plt2_B-G19_1_6673,gSK_testicles2Plt2_B-G1_1_6655,gSK_testicles2Plt2_B-G20_1_6674,gSK_testicles2Plt2_B-G21_1_6675,gSK_testicles2Plt2_B-G22_1_6676,gSK_testicles2Plt2_B-G23_1_6677,gSK_testicles2Plt2_B-G24_1_6678,gSK_testicles2Plt2_B-G2_1_6656,gSK_testicles2Plt2_B-G3_1_6657,gSK_testicles2Plt2_B-G4_1_6658,gSK_testicles2Plt2_B-G5_1_6659,gSK_testicles2Plt2_B-G6_1_6660,gSK_testicles2Plt2_B-G7_1_6661,gSK_testicles2Plt2_B-G8_1_6662,gSK_testicles2Plt2_B-G9_1_6663,gSK_testicles2Plt2_B-H10_1_6694,gSK_testicles2Plt2_B-H11_1_6696,gSK_testicles2Plt2_B-H12_1_6697,gSK_testicles2Plt2_B-H13_1_6698,gSK_testicles2Plt2_B-H14_1_6699,gSK_testicles2Plt2_B-H15_1_6705,gSK_testicles2Plt2_B-H16_1_6707,gSK_testicles2Plt2_B-H17_1_6708,gSK_testicles2Plt2_B-H18_1_6709,gSK_testicles2Plt2_B-H19_1_6710,gSK_testicles2Plt2_B-H1_1_6679,gSK_testicles2Plt2_B-H20_1_6711,gSK_testicles2Plt2_B-H21_1_6712,gSK_testicles2Plt2_B-H22_1_6713,gSK_testicles2Plt2_B-H23_1_6714,gSK_testicles2Plt2_B-H24_1_6715,gSK_testicles2Plt2_B-H2_1_6680,gSK_testicles2Plt2_B-H3_1_6681,gSK_testicles2Plt2_B-H4_1_6684,gSK_testicles2Plt2_B-H5_1_6685,gSK_testicles2Plt2_B-H6_1_6688,gSK_testicles2Plt2_B-H7_1_6691,gSK_testicles2Plt2_B-H8_1_6692,gSK_testicles2Plt2_B-H9_1_6693,gSK_testicles2Plt2_B-I10_1_6725,gSK_testicles2Plt2_B-I11_1_6726,gSK_testicles2Plt2_B-I12_1_6727,gSK_testicles2Plt2_B-I13_1_6728,gSK_testicles2Plt2_B-I14_1_6730,gSK_testicles2Plt2_B-I15_1_6731,gSK_testicles2Plt2_B-I16_1_6732,gSK_testicles2Plt2_B-I17_1_6733,gSK_testicles2Plt2_B-I18_1_6734,gSK_testicles2Plt2_B-I19_1_6735,gSK_testicles2Plt2_B-I1_1_6716,gSK_testicles2Plt2_B-I20_1_6736,gSK_testicles2Plt2_B-I21_1_6737,gSK_testicles2Plt2_B-I22_1_6738,gSK_testicles2Plt2_B-I23_1_6739,gSK_testicles2Plt2_B-I24_1_6740,gSK_testicles2Plt2_B-I2_1_6717,gSK_testicles2Plt2_B-I3_1_6718,gSK_testicles2Plt2_B-I4_1_6719,gSK_testicles2Plt2_B-I5_1_6720,gSK_testicles2Plt2_B-I6_1_6721,gSK_testicles2Plt2_B-I7_1_6722,gSK_testicles2Plt2_B-I8_1_6723,gSK_testicles2Plt2_B-I9_1_6724,gSK_testicles2Plt2_B-J1_1_6768,gSK_testicles2Plt2_B-J1_1_6774,gSK_testicles2Plt2_B-J2_1_6769,gSK_testicles2Plt2_B-J2_1_6775,gSK_testicles2Plt2_B-J3_1_6770,gSK_testicles2Plt2_B-J3_1_6776,gSK_testicles2Plt2_B-J4_1_6771,gSK_testicles2Plt2_B-J4_1_6777,gSK_testicles2Plt2_B-J5_1_6772,gSK_testicles2Plt2_B-J5_1_6778,gSK_testicles2Plt2_B-J6_1_6779,gSK_testicles2Plt2_B-J7_1_6780,gSK_testicles2Plt2_B-J8_1_6781,gSK_testicles2Plt2_B-K10_1_6766,gSK_testicles2Plt2_B-K11_1_6767,gSK_testicles2Plt2_B-K12_1_6741,gSK_testicles2Plt2_B-K13_1_6742,gSK_testicles2Plt2_B-K14_1_6743,gSK_testicles2Plt2_B-K15_1_6744,gSK_testicles2Plt2_B-K16_1_6748,gSK_testicles2Plt2_B-K17_1_6749,gSK_testicles2Plt2_B-K18_1_6750,gSK_testicles2Plt2_B-K19_1_6751,gSK_testicles2Plt2_B-K1_1_6757,gSK_testicles2Plt2_B-K20_1_6752,gSK_testicles2Plt2_B-K21_1_6753,gSK_testicles2Plt2_B-K22_1_6754,gSK_testicles2Plt2_B-K23_1_6755,gSK_testicles2Plt2_B-K24_1_6756,gSK_testicles2Plt2_B-K2_1_6758,gSK_testicles2Plt2_B-K3_1_6759,gSK_testicles2Plt2_B-K4_1_6760,gSK_testicles2Plt2_B-K5_1_6761,gSK_testicles2Plt2_B-K6_1_6762,gSK_testicles2Plt2_B-K7_1_6763,gSK_testicles2Plt2_B-K8_1_6764,gSK_testicles2Plt2_B-K9_1_6765,gSK_testicles2Plt2_B-L1_1_6782,gSK_testicles2Plt2_B-L2_1_6783,gSK_testicles2Plt2_B-L3_1_6784,gSK_testicles2Plt2_B-L4_1_6785,gSK_testicles2Plt2_B-L5_1_6786,gSK_testicles2Plt2_B-L6_1_6787,gSK_testicles2Plt2_B-L7_1_6788,gSK_testicles2Plt2_B-L8_1_6789,iQC_R-A9_1_6695
Adipose tissue,0.0,0.0,0.0,0.0,0.0,0.0,0.0,0.0,0.0,0.0,0.0,0.0,0.0,0.0,0.0,0.0,0.0,0.0,0.0,0.0,0.0,0.0,0.0,0.0,0.0,0.0,0.0,0.0,0.0,0.0,0.0,0.0,0.0,0.0,0.0,0.0,0.0,0.0,0.0,0.0,0.0,0.0,0.0,0.0,0.0,0.0,0.0,0.0,0.0,0.0,0.0,0.0,0.0,0.0,0.0,0.0,0.0,0.0,0.0,0.0,0.0,0.0,0.0,0.0,0.0,0.0,0.0,0.0,0.0,0.0,0.0,0.0,0.0,0.0,0.0,0.0,0.0,0.0,0.0,0.0,0.0,0.0,0.0,0.0,0.0,0.0,0.0,0.0,0.0,0.0,0.0,0.0,0.0,0.0,0.0,0.0,0.0,0.0,0.0,0.0,0.0,0.0,0.0,0.0,0.0,0.0,0.0,0.0,0.0,0.0,0.0,0.0,0.0,0.0,0.0,0.0,0.0,0.0,0.0,0.0,0.0,0.0,0.0,0.0,0.0,0.0,0.0,0.0,0.0,0.0,0.0,0.0,0.0,0.0,0.0,0.0,0.0,0.0,0.0,0.0,0.0,0.0,0.0,0.0,0.0,0.0,0.0,0.0,0.0,0.0,0.0,0.0,0.0,0.0,0.0,0.0,0.0,0.0,0.0,0.0,0.0,0.0,0.0,0.0,0.0,0.0,0.0,0.0,0.0,0.0,0.0,0.0,0.0,0.0,0.0,0.0,0.0,0.0,0.0,0.0,0.0,0.0,0.0,0.0,0.0,0.0,0.0,0.0,0.0,0.0,0.0,0.0,0.0,0.0,0.0,0.0,0.0,0.0,0.0,0.0,0.0,0.0,0.0,0.0,0.0,0.0,0.0,0.0,0.0,0.0,0.0,0.0,0.0,0.0,0.0,0.0,0.0,0.0,0.0,0.0,0.0,0.0,0.0,0.0,0.0,0.0,0.0,0.0,0.0,0.0,0.0,0.0,0.0,0.0,0.0,0.0,0.0,0.0,0.0,0.0,0.0,0.0,0.0,0.0,0.0,0.0,0.0,0.0,0.0,0.0,0.0,0.0,0.0,0.0,0.0,0.0,0.0,0.0,0.0,0.0,0.0,0.0,0.0,0.0,0.0,0.0,0.0,0.0,0.0,0.0,0.0,0.0,0.0,0.0,0.0,0.0,0.0,0.0,0.0,0.0,0.0,0.0,0.0,0.0,0.0,0.0,0.0,0.0,0.0,0.0,0.0,0.0,0.0,0.0,0.0,0.0,0.0,0.0,0.0,0.0,0.0,0.0,0.0,0.0,0.0,0.0,0.0,0.0,0.0,0.0,0.0,0.0,0.0,0.0,0.0,0.0,0.0,0.0,0.0,0.0,0.0,0.0,0.0,0.0,0.0,0.0,0.0,0.0,0.0,0.0,0.0,0.0,0.0,0.0,0.0,0.0,0.0,0.0,0.0,0.0,0.0,0.0,0.0,0.0,0.0,0.0,0.0,0.0,0.0,0.0,0.0,0.0,0.0,0.0,0.0,0.0,0.0,0.0,0.0,0.0,0.0,0.0,0.0,0.0,0.0,0.0,0.0,0.0,0.0,0.0,0.0,0.0,0.0,0.0,0.0,0.0,0.0,0.0,0.0
Adrenal gland,0.0,0.0,0.0,0.0,0.0,0.0,0.0,0.0,0.0,0.0,0.0,0.0,0.0,0.0,0.0,0.0,0.0,0.0,0.0,0.0,0.0,0.0,0.0,0.0,0.0,0.0,0.0,0.0,0.0,0.0,0.0,0.0,0.0,0.0,0.0,0.0,0.0,0.0,0.0,0.0,0.0,0.0,0.0,0.0,0.0,0.0,0.0,0.0,0.0,0.0,0.0,0.0,0.0,0.0,0.0,0.0,0.0,0.0,0.0,0.0,0.0,0.0,0.0,0.0,0.0,0.0,0.0,0.0,0.0,0.0,0.0,0.0,0.0,0.0,0.0,0.0,0.0,0.0,0.0,0.0,0.0,0.0,0.0,0.0,0.0,0.0,0.0,0.0,0.0,0.0,0.0,0.0,0.0,0.0,0.0,0.0,0.0,0.0,0.0,0.0,0.0,0.0,0.0,0.0,0.0,0.0,0.0,0.0,0.0,0.0,0.0,0.0,0.0,0.0,0.0,0.0,0.0,0.0,0.0,0.0,0.0,0.0,0.0,0.0,0.0,0.0,0.0,0.0,0.0,0.0,0.0,0.0,0.0,0.0,0.0,0.0,0.0,0.0,0.0,0.0,0.0,0.0,0.0,0.0,0.0,0.0,0.0,0.0,0.0,0.0,0.0,0.0,0.0,0.0,0.0,0.0,0.0,0.0,0.0,0.0,0.0,0.0,0.0,0.0,0.0,0.0,0.0,0.0,0.0,0.0,0.0,0.0,0.0,0.0,0.0,0.0,0.0,0.0,0.0,0.0,0.0,0.0,0.0,0.0,0.0,0.0,0.0,0.0,0.0,0.0,0.0,0.0,0.0,0.0,0.0,0.0,0.0,0.0,0.0,0.0,0.0,0.0,0.0,0.0,0.0,0.0,0.0,0.0,0.0,0.0,0.0,0.0,0.0,0.0,0.0,0.0,0.0,0.0,0.0,0.0,0.0,0.0,0.0,0.0,0.0,0.0,0.0,0.0,0.0,0.0,0.0,0.0,0.0,0.0,0.0,0.0,0.0,0.0,0.0,0.0,0.0,0.0,0.0,0.0,0.0,0.0,0.0,0.0,0.0,0.0,0.0,0.0,0.0,0.0,0.0,0.0,0.0,0.0,0.0,0.0,0.0,0.0,0.0,0.0,0.0,0.0,0.0,0.0,0.0,0.0,0.0,0.0,0.0,0.0,0.0,0.0,0.0,0.0,0.0,0.0,0.0,0.0,0.0,0.0,0.0,0.0,0.0,0.0,0.0,0.0,0.0,0.0,0.0,0.0,0.0,0.0,0.0,0.0,0.0,0.0,0.0,0.0,0.0,0.0,0.0,0.0,0.0,0.0,0.0,0.0,0.0,0.0,0.0,0.0,0.0,0.0,0.0,0.0,0.0,0.0,0.0,0.0,0.0,0.0,0.0,0.0,0.0,0.0,0.0,0.0,0.0,0.0,0.0,0.0,0.0,0.0,0.0,0.0,0.0,0.0,0.0,0.0,0.0,0.0,0.0,0.0,0.0,0.0,0.0,0.0,0.0,0.0,0.0,0.0,0.0,0.0,0.0,0.0,0.0,0.0,0.0,0.0,0.0,0.0,0.0,0.0,0.0,0.0,0.0,0.0,0.0,0.0,0.0,0.0,0.0,0.0,0.0,0.0,0.0
Appendix,0.0,0.0,0.0,0.0,0.0,0.0,0.0,0.0,0.0,0.0,0.0,0.0,0.0,0.0,0.0,0.0,0.0,0.0,0.0,0.0,0.0,0.0,0.0,0.0,0.0,0.0,0.0,0.0,0.0,0.0,0.0,0.0,0.0,0.0,0.0,0.0,0.0,0.0,0.0,0.0,0.0,0.0,0.0,0.0,0.0,0.0,0.0,0.0,0.0,0.0,0.0,0.0,0.0,0.0,0.0,0.0,0.0,0.0,0.0,0.0,0.0,0.0,0.0,0.0,0.0,0.0,0.0,0.0,0.0,0.0,0.0,0.0,0.0,0.0,0.0,0.0,0.0,0.0,0.0,0.0,0.0,0.0,0.0,0.0,0.0,0.0,0.0,0.0,0.0,0.0,0.0,0.0,0.0,0.0,0.0,0.0,0.0,0.0,0.0,0.0,0.0,0.0,0.0,0.0,0.0,0.0,0.0,0.0,0.0,0.0,0.0,0.0,0.0,0.0,0.0,0.0,0.0,0.0,0.0,0.0,0.0,0.0,0.0,0.0,0.0,0.0,0.0,0.0,0.0,0.0,0.0,0.0,0.0,0.0,0.0,0.0,0.0,0.0,0.0,0.0,0.0,0.0,0.0,0.0,0.0,0.0,0.0,0.0,0.0,0.0,0.0,0.0,0.0,0.0,0.0,0.0,0.0,0.0,0.0,0.0,0.0,0.0,0.0,0.0,0.0,0.0,0.0,0.0,0.0,0.0,0.0,0.0,0.0,0.0,0.0,0.0,0.0,0.0,0.0,0.0,0.0,0.0,0.0,0.0,0.0,0.0,0.0,0.0,0.0,0.0,0.0,0.0,0.0,0.0,0.0,0.0,0.0,0.0,0.0,0.0,0.0,0.0,0.0,0.0,0.0,0.0,0.0,0.0,0.0,0.0,0.0,0.0,0.0,0.0,0.0,0.0,0.0,0.0,0.0,0.0,0.0,0.0,0.0,0.0,0.0,0.0,0.0,0.0,0.0,0.0,0.0,0.0,0.0,0.0,0.0,0.0,0.0,0.0,0.0,0.0,0.0,0.0,0.0,0.0,0.0,0.0,0.0,0.0,0.0,0.0,0.0,0.0,0.0,0.0,0.0,0.0,0.0,0.0,0.0,0.0,0.0,0.0,0.0,0.0,0.0,0.0,0.0,0.0,0.0,0.0,0.0,0.0,0.0,0.0,0.0,0.0,0.0,0.0,0.0,0.0,0.0,0.0,0.0,0.0,0.0,0.0,0.0,0.0,0.0,0.0,0.0,0.0,0.0,0.0,0.0,0.0,0.0,0.0,0.0,0.0,0.0,0.0,0.0,0.0,0.0,0.0,0.0,0.0,0.0,0.0,0.0,0.0,0.0,0.0,0.0,0.0,0.0,0.0,0.0,0.0,0.0,0.0,0.0,0.0,0.0,0.0,0.0,0.0,0.0,0.0,0.0,0.0,0.0,0.0,0.0,0.0,0.0,0.0,0.0,0.0,0.0,0.0,0.0,0.0,0.0,0.0,0.0,0.0,0.0,0.0,0.0,0.0,0.0,0.0,0.0,0.0,0.0,0.0,0.0,0.0,0.0,0.0,0.0,0.0,0.0,0.0,0.0,0.0,0.0,0.0,0.0,0.0,0.0,0.0,0.0,0.0,0.0,0.0,0.0
B-cells,0.0,0.020714388560086547,0.018751281612511578,0.010365681465262828,0.018136455009701714,0.010835296764368644,0.018296395973785743,0.0,0.021592361548036586,0.0,0.015373425193201274,0.007978581749508044,0.00690001686800152,0.0013477117397641993,0.0,0.0,0.01918897087343822,0.019406715692051418,0.0,0.0163643123364918,0.014199123736340935,0.01634295479403714,0.005974185635825323,0.0,0.024814745595038618,0.013418139087153072,0.0052579213256133475,0.01990081229275155,0.014099253118067338,0.007062645932924086,0.018622447886462744,0.009393666926732946,0.024145837947990936,0.0,0.009733781194368366,0.01562707391630959,0.026405992704304132,0.010168922230648891,0.010280444482141155,0.023429768103119628,0.0,0.0,0.0,0.015204542721811275,0.0,0.008339582142521075,0.0036339208853770483,0.0,0.03459449454196016,0.001330006701238548,0.0,0.0,0.010233231766487137,0.013492798244493377,0.008515498355983954,0.0,0.0041614325468852745,0.0156695751631595,0.0,0.010142356483399582,0.008528413617924837,0.023808046745601007,0.012505090786101833,0.014610589094797108,0.01198564661997101,0.0,0.017032943742865715,0.0,0.01344669165854379,0.0,0.012346548497852954,0.0,0.019277797713754718,0.009679559047852598,0.014493864898485184,0.0,0.001064701161264791,0.0,0.012103919249801372,0.0035755315852612664,0.007182338878930956,0.0,0.0,0.013555855239553043,0.009595335037729615,0.01016595122204796,0.009605062732482527,0.01165163225676693,0.01714117494505152,0.0039801449122667774,0.0025776339441152887,0.0,0.008719417669309861,0.006096695108542244,0.0,0.00574345035291564,-0.0019128745322900872,0.008980690071052979,0.01652114308115883,0.009086079280239788,0.0034584966173645225,0.016737598773587575,0.013121386511477819,0.0072216477313493625,0.0031415394835044505,0.003937585000748169,0.013613667439913572,0.014152511301663031,0.0,0.018722763028295758,0.007747030564785776,0.006094032765255801,0.0,0.0,0.007240476981065808,0.005852962085070657,0.0,0.00718644895549193,0.002139899934232657,0.017710688484884222,0.0,0.013101553179267497,0.019467530291530456,0.005584414397468594,0.010858710550717477,0.014798628848269503,0.01452693823785707,0.0,0.01708480639951189,0.0,0.005826203342179915,0.022566406625023676,0.0019834573815404946,0.015173314882786476,0.01585779644471345,0.029699754873241085,0.023433201299656065,0.01250056038203617,0.011575110164654347,0.015295503265108305,0.0251088017068389,0.017460091599866633,0.007108884120515146,0.01997426160158719,0.006983921896570166,0.028713527417380744,0.010315910697246168,0.020868569542749713,0.0021619147237397426,0.027309310472937446,0.015417889214858593,0.014975750822192553,0.01685141211995226,0.019757858591343977,0.0,0.020822657204749233,0.02805790994162303,0.011031113450524996,0.018077748212014272,0.011084035512561517,0.02555579592113557,0.018667236747603934,0.01687708358379119,0.03174956447707914,0.0,0.018467469942774827,0.0,0.0015957776082684283,0.017328548163501954,0.02315961044949087,0.011225180409338141,0.010646065244842285,0.017350535618755523,0.0191480818318568,0.027253458614594044,0.015116498440765931,0.02266224680545388,0.005638934378270214,0.01931618455338686,0.02988460238248585,0.019237355057203767,0.0,0.0024427145556279763,0.02467748976033923,0.017938503935407635,0.012959785351598358,0.005021676313296985,0.013021672479215355,0.0,0.004710269108519984,0.03981619467260938,0.020615890907200164,0.005077358294079421,0.007388314320364485,0.04094858623099979,0.02127263461057885,0.02169703237892416,0.030718697452271522,0.010410695854582375,0.026544940838259867,0.022516458885767168,0.014269094762758469,0.0,0.013646178853693434,0.02646472906004696,0.01755503684277855,0.023326377466371097,0.008268094266970165,0.008603814795021158,0.02334965924510897,0.0,0.016822605025385,0.010068898140937203,0.024962848394848105,0.01938938700009416,0.01797325972622532,0.012321328567004663,0.025236613953875105,0.028550394203365866,0.018762485139134567,0.03020216775068156,0.0246912941427411,0.0,0.01483676652607341,0.014233471907945255,0.03369932267710353,0.02426418474004558,0.025547318341421894,0.006734522302308938,0.02964280313242521,0.008407984627587035,0.029415432816526053,0.030126915582406873,0.015978750141058665,0.029307936645946515,0.0020936958933319184,0.022860049279913416,0.030840712389596323,0.024714696986721792,0.014645961742174581,0.027008181905963356,0.015803824834811766,0.027789497815515152,0.01082037207322971,0.026223342501430418,0.020665173753816598,0.008700222281390852,0.029985511188569645,0.024574568253781046,0.013830529255595303,0.028514903187142206,0.02718726194276616,0.0199988590992197,0.009911201187326905,0.027597300512947856,0.004918320367069223,0.019169726082436587,0.014839681694947789,0.015257212653257756,0.03533746088622494,0.02263098914760301,0.024867904490769283,0.019657969342715957,0.0,0.010402214818337627,0.033486302858510675,0.035482072618196046,0.025009115167843828,0.01609435694726108,0.022911646912861384,0.01812157982792142,0.011163180143889416,0.0,0.02126496959537376,0.028186346515136546,0.023908375259845405,0.017919365209864903,0.01555544187151391,0.004992547720348605,0.0259075791549178,0.029385546586858775,0.028341356787006684,0.0,0.0333085960290548,0.007578334368986386,0.02979714049521185,0.02825005676262406,0.013234677745801022,0.029641145961953743,0.019372733560264203,0.02610300237109374,0.025979267263341647,0.020179107867590945,0.03503962626337443,0.03123473161446984,0.007966937558767987,0.014943756858751671,0.0,0.0175563246517211,0.024090387241862094,0.021911900441660276,0.02539943802362897,0.017332247146885034,0.03334210176979442,0.017365023124811627,0.03335025880875986,0.0394192279343591,0.012305650754629624,0.0,0.03435291581585684,0.006829103946543277,0.02222447216988914,0.018082530583508824,0.012514000613375906,0.005070199867096885,0.0006542711408927468,0.020099066162639977,0.02568653941098558,0.024247084126390397,0.002221789127626571,0.021554210470639715,0.025097903113624725,0.01682218266080213,0.014992609723894348,0.019023176954722203,0.0,0.0239726179736192,0.010378641277483384,0.02678666440383111,0.016878937372550966,0.020086729564914876,0.02752315273961508,0.02546997744260506,0.0,0.00749005351488246,0.0,0.0075982280578877,0.0,0.015132021523847848,0.0,0.0,0.0,0.015873596575460704,0.026147987917184916,0.01984267916562607,0.025637773556765112,0.022796337846806285,0.017290995999757947,0.01940082872499601,0.025229272707417795,0.00401728512568995,0.02361623708065241,0.004704160548625668,0.02122662301916519,0.019317905078032944,0.012274806129936464,0.02520133621399236,0.02355344641136363,0.011208580018157034,0.0,0.0,0.014064029084007822,0.03742996350887692,0.02414060442115514,0.02939518274131306,0.020632906255438312,3.7759714296425884e-06,0.02351459275229978,0.018608777542777767,0.0061514081049328755,0.021491576393367226,0.03215959200541815,0.013207466374444221,0.0,0.0,0.0032843611778303194,0.015060569327392722,0.01509833896473501,0.025061633547726517
Brain,0.03851938608984083,0.0,0.05147858841330493,0.034328915812586666,0.034013620512549435,0.052044231996514215,0.03559127414565877,0.03555884395895315,0.04464606160357967,0.041189798228731325,0.03293511490330021,0.03960069735699342,0.0328765782278878,0.034945324176752876,0.028503602580127366,0.0,0.03016223000021833,0.0530884676979904,0.04127634069580417,0.04779645304606754,0.0,0.0,0.044077118516496386,0.037677965703715025,0.03253077228470718,0.0,0.03593407204572654,0.040469519986878755,0.037512946467862816,0.05054975122418513,0.03766025008645123,0.029434514081065483,0.0,0.04672819898307498,0.0,0.0442770921341422,0.0,0.0,0.03711845332869202,0.019325182405001095,0.0,0.02931267041592049,0.0,0.028965370968393796,0.02061947139292057,0.04974604061311713,0.03236753466933595,0.05331964960651804,0.018585535890528,0.02744151707842485,0.024442034013739844,0.027234342284694794,0.029806289798008003,0.021232178108342232,0.05831846908983802,0.04563139832769224,0.041491385065850955,0.045422922215866204,0.0,0.045067660069584355,0.03266875252908444,0.04039364718621363,0.037760325944140166,0.034226628196341896,0.0,0.04194234020514654,0.04470192142759319,0.03495070142634862,0.04688894866330749,0.03472513322013868,0.03002193085924513,0.025256911676518307,0.029492111431833865,0.026307172604156888,0.04451801481063122,0.029312460738946614,0.024929559721716486,0.03975786412053541,0.03845681177250033,0.047703677751532045,0.031438724933135126,0.03832159776805674,0.01459678741854419,0.018265772273943645,0.0,0.04668880340211214,0.0,0.05168452979287381,0.03963633546859677,0.018497371873145665,0.0,0.024340524331192402,0.0,0.031640636632865066,0.03506826211576303,0.0,0.0,0.04215000877284782,0.0,0.044309614529612934,0.0,0.03467755570244417,0.0,0.0,0.0,0.05044500050942234,0.0,0.0,0.02222841682500228,0.0,0.0,0.025406580239113317,0.039283919512302444,0.03240443696663827,0.0254703340318086,0.0,0.0,0.0458280731546499,0.029114617984277717,0.03757985300247921,0.030640202438679272,0.03197715224537519,0.041244870414335916,0.03959515416377659,0.03603407970148785,0.020497749997846187,0.03945718681988401,0.04589592919115376,0.050888203735314955,0.04771475427453262,0.048130434395483895,0.04040413699248832,0.03989282525731329,0.04018482524787949,0.04596661253989827,0.051453380916975336,0.03706112585650935,0.036499136092269166,0.041599955332334,0.04277189352292653,0.045215452150938494,0.041697812140866305,0.03918959154119188,0.03951429419681831,0.037506032529927805,0.049314312760744015,0.035814711764770024,0.0,0.0,0.023991512433058453,0.0,0.0,0.04380136353926614,0.048074145273576854,0.03689875797515026,0.024949276950713965,0.02664405243538087,0.03173531449515685,0.04592013081223323,0.04047209953426594,0.02459596437681482,0.04254027617459506,0.030442349935898866,0.05673477086810903,0.03132631763615266,0.0032146841183430387,0.046038439695687286,0.017584057615286797,0.055778596289244545,0.044870383632576824,0.04886609942694434,0.049996815639804085,0.04139413808319195,0.043009398101874576,0.039008580644046845,0.045809017935539334,0.05301695307416224,0.0,0.047821871242483244,0.0,0.02932201151957082,0.03735647531572485,0.03068801762178574,0.042192276079318504,0.05825842275453991,0.04064251148377582,0.050134836940890534,0.035114023384679775,0.034137300931967096,0.0432055279072662,0.01833255062404576,0.03448791729187542,0.03951423908659326,0.04491677663648672,0.03755100105410879,0.039707888986275267,0.0,0.04020122172697128,0.027484687883300354,0.019653369415214027,0.0,0.0,0.035239296163395814,0.0,0.0,0.03569635905700548,0.05748924514665317,0.0,0.03629722314779715,0.03632155238148582,0.0,0.0,0.0,0.0,0.04266284513396964,0.0,0.0,0.03240488377840602,0.03015481664829974,0.0,0.029035625202654597,0.04861976235952553,0.032369278611889415,0.03578687466789495,0.0,0.0,0.0,0.04316170877650875,0.05287047342487644,0.0,0.04469560773294805,0.0,0.0,0.0,0.023302741001154113,0.036244614370700215,0.04772094271501409,0.04650725467630959,0.0,0.021928773316136633,0.027511357065863995,0.0,0.024043996669461012,0.0,0.0,0.045791048514891734,0.039331187076325914,0.0,0.035818999196473175,0.05208147335136888,0.022030572448661946,0.030763626660782698,0.0,0.0,0.0,0.033432074158342824,0.0,0.04555136332520163,0.0424255700995821,0.0,0.03191154783026055,0.0,0.03876635542613335,0.031935041142475466,0.0,0.04618534513120626,0.03501979286416943,0.035165786484059755,0.0,0.031133259572586856,0.0,0.044012204625447734,0.04886410588745635,0.0,0.0,0.040273439187174485,0.0,0.04587597756791047,0.023207416366200356,0.03521820798568828,0.0,0.01921038865580269,0.040765198190664875,0.04467468421093743,0.045659391479176345,0.028691271854602123,0.0,0.02405983346549677,0.0,0.030436924237520268,0.053026481719357796,0.02554033967401747,0.04693529999815291,0.0,0.03421163843810932,0.0,0.0,0.034334091021017386,0.0,0.0,0.0,0.04038792875303218,0.0,0.028164710449739273,0.03461963127661463,0.0,0.0,0.042038760119060756,0.03937805720544586,0.0,0.032438594826745104,0.0,0.037433786013068744,0.0,0.03777406192927742,0.02994891211961223,0.04406587508895035,0.03319463564694254,0.026917326184349964,0.036283055328428876,0.029317273832045465,0.04787825454011561,0.0,0.0,0.0407157221893176,0.035283363257058595,0.0,0.0,0.0,0.0,0.0,0.0,0.024602755675966637,0.0,0.0,0.0,0.038084391244117465,0.0,0.0,0.0,0.0,0.0,0.0,0.0340172566513558,0.0,0.05026293329973716,0.025647655476536746,0.03225251880227524,0.02969271195408457,0.0,0.0,0.0,0.0,0.06469648760366797,0.0,0.03284540661351171,0.020249005944339697,0.0,0.017675020539240464,0.01775459400929704,0.028337770139489363,0.0,0.0,0.0,0.028315919272374018,0.0,0.0,0.0,0.0,0.0,0.0,0.03952356771881048,0.03006039851121981,0.0,0.029961869338970777,0.0,0.023938992736182944,0.0,0.04048863201375636
Colon,0.0,0.0,0.0,0.0,0.0,0.0,0.0,0.0,0.0,0.0,0.0,0.0,0.0,0.0,0.0,0.0,0.0,0.0,0.0,0.0,0.0,0.0,0.0,0.0,0.0,0.0,0.0,0.0,0.0,0.0,0.0,0.0,0.0,0.0,0.0,0.0,0.0,0.0,0.0,0.0,0.0,0.0,0.0,0.0,0.0,0.0,0.0,0.0,0.0,0.0,0.0,0.0,0.0,0.0,0.0,0.0,0.0,0.0,0.0,0.0,0.0,0.0,0.0,0.0,0.0,0.0,0.0,0.0,0.0,0.0,0.0,0.0,0.0,0.0,0.0,0.0,0.0,0.0,0.0,0.0,0.0,0.0,0.0,0.0,0.0,0.0,0.0,0.0,0.0,0.0,0.0,0.0,0.0,0.0,0.0,0.0,0.0,0.0,0.0,0.0,0.0,0.0,0.0,0.0,0.0,0.0,0.0,0.0,0.0,0.0,0.0,0.0,0.0,0.0,0.0,0.0,0.0,0.0,0.0,0.0,0.0,0.0,0.0,0.0,0.0,0.0,0.0,0.0,0.0,0.0,0.0,0.0,0.0,0.0,0.0,0.0,0.0,0.0,0.0,0.0,0.0,0.0,0.0,0.0,0.0,0.0,0.0,0.0,0.0,0.0,0.0,0.0,0.0,0.0,0.0,0.0,0.0,0.0,0.0,0.0,0.0,0.0,0.0,0.0,0.0,0.0,0.0,0.0,0.0,0.0,0.0,0.0,0.0,0.0,0.0,0.0,0.0,0.0,0.0,0.0,0.0,0.0,0.0,0.0,0.0,0.0,0.0,0.0,0.0,0.0,0.0,0.0,0.0,0.0,0.0,0.0,0.0,0.0,0.0,0.0,0.0,0.0,0.0,0.0,0.0,0.0,0.0,0.0,0.0,0.0,0.0,0.0,0.0,0.0,0.0,0.0,0.0,0.0,0.0,0.0,0.0,0.0,0.0,0.0,0.0,0.0,0.0,0.0,0.0,0.0,0.0,0.0,0.0,0.0,0.0,0.0,0.0,0.0,0.0,0.0,0.0,0.0,0.0,0.0,0.0,0.0,0.0,0.0,0.0,0.0,0.0,0.0,0.0,0.0,0.0,0.0,0.0,0.0,0.0,0.0,0.0,0.0,0.0,0.0,0.0,0.0,0.0,0.0,0.0,0.0,0.0,0.0,0.0,0.0,0.0,0.0,0.0,0.0,0.0,0.0,0.0,0.0,0.0,0.0,0.0,0.0,0.0,0.0,0.0,0.0,0.0,0.0,0.0,0.0,0.0,0.0,0.0,0.0,0.0,0.0,0.0,0.0,0.0,0.0,0.0,0.0,0.0,0.0,0.0,0.0,0.0,0.0,0.0,0.0,0.0,0.0,0.0,0.0,0.0,0.0,0.0,0.0,0.0,0.0,0.0,0.0,0.0,0.0,0.0,0.0,0.0,0.0,0.0,0.0,0.0,0.0,0.0,0.0,0.0,0.0,0.0,0.0,0.0,0.0,0.0,0.0,0.0,0.0,0.0,0.0,0.0,0.0,0.0,0.0,0.0,0.0,0.0,0.0,0.0,0.0,0.0,0.0,0.0,0.0,0.0,0.0,0.0,0.0,0.0,0.0,0.0,0.0,0.0,0.0,0.0,0.0,0.0,0.0,0.0
Duodenum,0.0,0.0,0.0,0.0,0.0,0.0,0.0,0.0,0.0,0.0,0.0,0.0,0.0,0.0,0.0,0.0,0.0,0.0,0.0,0.0,0.0,0.0,0.0,0.0,0.0,0.0,0.0,0.0,0.0,0.0,0.0,0.0,0.0,0.0,0.0,0.0,0.0,0.0,0.0,0.0,0.0,0.0,0.0,0.0,0.0,0.0,0.0,0.0,0.0,0.0,0.0,0.0,0.0,0.0,0.0,0.0,0.0,0.0,0.0,0.0,0.0,0.0,0.0,0.0,0.0,0.0,0.0,0.0,0.0,0.0,0.0,0.0,0.0,0.0,0.0,0.0,0.0,0.0,0.0,0.0,0.0,0.0,0.0,0.0,0.0,0.0,0.0,0.0,0.0,0.0,0.0,0.0,0.0,0.0,0.0,0.0,0.0,0.0,0.0,0.0,0.0,0.0,0.0,0.0,0.0,0.0,0.0,0.0,0.0,0.0,0.0,0.0,0.0,0.0,0.0,0.0,0.0,0.0,0.0,0.0,0.0,0.0,0.0,0.0,0.0,0.0,0.0,0.0,0.0,0.0,0.0,0.0,0.0,0.0,0.0,0.0,0.0,0.0,0.0,0.0,0.0,0.0,0.0,0.0,0.0,0.0,0.0,0.0,0.0,0.0,0.0,0.0,0.0,0.0,0.0,0.0,0.0,0.0,0.0,0.0,0.0,0.0,0.0,0.0,0.0,0.0,0.0,0.0,0.0,0.0,0.0,0.0,0.0,0.0,0.0,0.0,0.0,0.0,0.0,0.0,0.0,0.0,0.0,0.0,0.0,0.0,0.0,0.0,0.0,0.0,0.0,0.0,0.0,0.0,0.0,0.0,0.0,0.0,0.0,0.0,0.0,0.0,0.0,0.0,0.0,0.0,0.0,0.0,0.0,0.0,0.0,0.0,0.0,0.0,0.0,0.0,0.0,0.0,0.0,0.0,0.0,0.0,0.0,0.0,0.0,0.0,0.0,0.0,0.0,0.0,0.0,0.0,0.0,0.0,0.0,0.0,0.0,0.0,0.0,0.0,0.0,0.0,0.0,0.0,0.0,0.0,0.0,0.0,0.0,0.0,0.0,0.0,0.0,0.0,0.0,0.0,0.0,0.0,0.0,0.0,0.0,0.0,0.0,0.0,0.0,0.0,0.0,0.0,0.0,0.0,0.0,0.0,0.0,0.0,0.0,0.0,0.0,0.0,0.0,0.0,0.0,0.0,0.0,0.0,0.0,0.0,0.0,0.0,0.0,0.0,0.0,0.0,0.0,0.0,0.0,0.0,0.0,0.0,0.0,0.0,0.0,0.0,0.0,0.0,0.0,0.0,0.0,0.0,0.0,0.0,0.0,0.0,0.0,0.0,0.0,0.0,0.0,0.0,0.0,0.0,0.0,0.0,0.0,0.0,0.0,0.0,0.0,0.0,0.0,0.0,0.0,0.0,0.0,0.0,0.0,0.0,0.0,0.0,0.0,0.0,0.0,0.0,0.0,0.0,0.0,0.0,0.0,0.0,0.0,0.0,0.0,0.0,0.0,0.0,0.0,0.0,0.0,0.0,0.0,0.0,0.0,0.0,0.0,0.0,0.0,0.0,0.0,0.0,0.0,0.0,0.0,0.0,0.0,0.0,0.0,0.0,0.0,0.0,0.0
Endometrium,0.0,0.0,0.0,0.0,0.0,0.0,0.0,0.0,0.0,0.0,0.0,0.0,0.0,0.0,0.0,0.0,0.0,0.0,0.0,0.0,0.0,0.0,0.0,0.0,0.0,0.0,0.0,0.0,0.0,0.0,0.0,0.0,0.0,0.0,0.0,0.0,0.0,0.0,0.0,0.0,0.0,0.0,0.0,0.0,0.0,0.0,0.0,0.0,0.0,0.0,0.0,0.0,0.0,0.0,0.0,0.0,0.0,0.0,0.0,0.0,0.0,0.0,0.0,0.0,0.0,0.0,0.0,0.0,0.0,0.0,0.0,0.0,0.0,0.0,0.0,0.0,0.0,0.0,0.0,0.0,0.0,0.0,0.0,0.0,0.0,0.0,0.0,0.0,0.0,0.0,0.0,0.0,0.0,0.0,0.0,0.0,0.0,0.0,0.0,0.0,0.0,0.0,0.0,0.0,0.0,0.0,0.0,0.0,0.0,0.0,0.0,0.0,0.0,0.0,0.0,0.0,0.0,0.0,0.0,0.0,0.0,0.0,0.0,0.0,0.0,0.0,0.0,0.0,0.0,0.0,0.0,0.0,0.0,0.0,0.0,0.0,0.0,0.0,0.0,0.0,0.0,0.0,0.0,0.0,0.0,0.0,0.0,0.0,0.0,0.0,0.0,0.0,0.0,0.0,0.0,0.0,0.0,0.0,0.0,0.0,0.0,0.0,0.0,0.0,0.0,0.0,0.0,0.0,0.0,0.0,0.0,0.0,0.0,0.0,0.0,0.0,0.0,0.0,0.0,0.0,0.0,0.0,0.0,0.0,0.0,0.0,0.0,0.0,0.0,0.0,0.0,0.0,0.0,0.0,0.0,0.0,0.0,0.0,0.0,0.0,0.0,0.0,0.0,0.0,0.0,0.0,0.0,0.0,0.0,0.0,0.0,0.0,0.0,0.0,0.0,0.0,0.0,0.0,0.0,0.0,0.0,0.0,0.0,0.0,0.0,0.0,0.0,0.0,0.0,0.0,0.0,0.0,0.0,0.0,0.0,0.0,0.0,0.0,0.0,0.0,0.0,0.0,0.0,0.0,0.0,0.0,0.0,0.0,0.0,0.0,0.0,0.0,0.0,0.0,0.0,0.0,0.0,0.0,0.0,0.0,0.0,0.0,0.0,0.0,0.0,0.0,0.0,0.0,0.0,0.0,0.0,0.0,0.0,0.0,0.0,0.0,0.0,0.0,0.0,0.0,0.0,0.0,0.0,0.0,0.0,0.0,0.0,0.0,0.0,0.0,0.0,0.0,0.0,0.0,0.0,0.0,0.0,0.0,0.0,0.0,0.0,0.0,0.0,0.0,0.0,0.0,0.0,0.0,0.0,0.0,0.0,0.0,0.0,0.0,0.0,0.0,0.0,0.0,0.0,0.0,0.0,0.0,0.0,0.0,0.0,0.0,0.0,0.0,0.0,0.0,0.0,0.0,0.0,0.0,0.0,0.0,0.0,0.0,0.0,0.0,0.0,0.0,0.0,0.0,0.0,0.0,0.0,0.0,0.0,0.0,0.0,0.0,0.0,0.0,0.0,0.0,0.0,0.0,0.0,0.0,0.0,0.0,0.0,0.0,0.0,0.0,0.0,0.0,0.0,0.0,0.0,0.0,0.0,0.0,0.0,0.0,0.0,0.0,0.0
Esophagus,0.0,0.0,0.0,0.0,0.0,0.0,0.0,0.0,0.0,0.0,0.0,0.0,0.0,0.0,0.0,0.0,0.0,0.0,0.0,0.0,0.0,0.0,0.0,0.0,0.0,0.0,0.0,0.0,0.0,0.0,0.0,0.0,0.0,0.0,0.0,0.0,0.0,0.0,0.0,0.0,0.0,0.0,0.0,0.0,0.0,0.0,0.0,0.0,0.0,0.0,0.0,0.0,0.0,0.0,0.0,0.0,0.0,0.0,0.0,0.0,0.0,0.0,0.0,0.0,0.0,0.0,0.0,0.0,0.0,0.0,0.0,0.0,0.0,0.0,0.0,0.0,0.0,0.0,0.0,0.0,0.0,0.0,0.0,0.0,0.0,0.0,0.0,0.0,0.0,0.0,0.0,0.0,0.0,0.0,0.0,0.0,0.0,0.0,0.0,0.0,0.0,0.0,0.0,0.0,0.0,0.0,0.0,0.0,0.0,0.0,0.0,0.0,0.0,0.0,0.0,0.0,0.0,0.0,0.0,0.0,0.0,0.0,0.0,0.0,0.0,0.0,0.0,0.0,0.0,0.0,0.0,0.0,0.0,0.0,0.0,0.0,0.0,0.0,0.0,0.0,0.0,0.0,0.0,0.0,0.0,0.0,0.0,0.0,0.0,0.0,0.0,0.0,0.0,0.0,0.0,0.0,0.0,0.0,0.0,0.0,0.0,0.0,0.0,0.0,0.0,0.0,0.0,0.0,0.0,0.0,0.0,0.0,0.0,0.0,0.0,0.0,0.0,0.0,0.0,0.0,0.0,0.0,0.0,0.0,0.0,0.0,0.0,0.0,0.0,0.0,0.0,0.0,0.0,0.0,0.0,0.0,0.0,0.0,0.0,0.0,0.0,0.0,0.0,0.0,0.0,0.0,0.0,0.0,0.0,0.0,0.0,0.0,0.0,0.0,0.0,0.0,0.0,0.0,0.0,0.0,0.0,0.0,0.0,0.0,0.0,0.0,0.0,0.0,0.0,0.0,0.0,0.0,0.0,0.0,0.0,0.0,0.0,0.0,0.0,0.0,0.0,0.0,0.0,0.0,0.0,0.0,0.0,0.0,0.0,0.0,0.0,0.0,0.0,0.0,0.0,0.0,0.0,0.0,0.0,0.0,0.0,0.0,0.0,0.0,0.0,0.0,0.0,0.0,0.0,0.0,0.0,0.0,0.0,0.0,0.0,0.0,0.0,0.0,0.0,0.0,0.0,0.0,0.0,0.0,0.0,0.0,0.0,0.0,0.0,0.0,0.0,0.0,0.0,0.0,0.0,0.0,0.0,0.0,0.0,0.0,0.0,0.0,0.0,0.0,0.0,0.0,0.0,0.0,0.0,0.0,0.0,0.0,0.0,0.0,0.0,0.0,0.0,0.0,0.0,0.0,0.0,0.0,0.0,0.0,0.0,0.0,0.0,0.0,0.0,0.0,0.0,0.0,0.0,0.0,0.0,0.0,0.0,0.0,0.0,0.0,0.0,0.0,0.0,0.0,0.0,0.0,0.0,0.0,0.0,0.0,0.0,0.0,0.0,0.0,0.0,0.0,0.0,0.0,0.0,0.0,0.0,0.0,0.0,0.0,0.0,0.0,0.0,0.0,0.0,0.0,0.0,0.0,0.0,0.0,0.0,0.0,0.0,0.0,0.0
Heart,0.0,0.0,0.0,0.0,0.0,0.0,0.0,0.0,0.0,0.035852491811440165,0.0,0.0,0.0,0.0,0.0,0.018650161733420687,0.0,0.0,0.0,0.0,0.0,0.04166440764896503,0.0,0.0,0.0,0.0,0.0,0.0,0.0,0.0,0.0,0.0,0.0,0.0,0.0,0.0,0.0,0.027967330946478734,0.0,0.0,0.026900915508522964,0.026381765788724098,0.0,0.0,0.0,0.0,0.0,0.03155181587017203,0.0,0.0,0.0,0.02157852279815816,0.0,0.0,0.0,0.0,0.0,0.0,0.0,0.0,0.0,0.0,0.0,0.0,0.03243915248375041,0.0,0.0,0.0,0.0,0.02857332872235564,0.0,0.02303949379809954,0.0,0.0,0.0,0.029067513247767386,0.0,0.0,0.0,0.0,0.0,0.0,0.0,0.0,0.0,0.0,0.0,0.0,0.0,0.0,0.0,0.0,0.0,0.0,0.0,0.02709378455694165,0.0,0.0,0.0,0.0,0.0,0.0,0.0,0.0,0.0,0.0,0.0,0.0,0.0,0.0,0.0,0.0,0.0,0.04466700698806429,0.0,0.0,0.019242026994022922,0.0,0.0,0.0,0.0,0.0,0.0,0.0,0.0,0.0,0.0,0.0322028628009216,0.0,0.035317236036091576,0.0,0.0,0.0,0.0,0.0,0.0,0.0,0.0,0.0,0.0,0.0,0.0,0.0,0.0,0.0,0.0,0.0,0.0,0.0,0.0,0.0,0.0,0.0,0.0,0.030455276069817485,0.0,0.0,0.0,0.0,0.0,0.0,0.0,0.0,0.0,0.0,0.0,0.029964662689256686,0.0,0.0,0.0,0.0,0.0,0.0,0.0,0.0,0.0,0.0,0.0,0.0,0.0,0.0,0.0,0.0,0.0,0.0,0.0,0.0,0.0,0.0,0.0,0.0,0.0,0.0,0.0,0.0,0.0,0.0,0.0,0.0,0.0,0.0,0.0,0.0,0.0,0.0,0.0,0.0,0.0,0.0,0.0,0.019798743834052557,0.0,0.0,0.0,0.0,0.0,0.0,0.0,0.0,0.0,0.0,0.0,0.0,0.0,0.0,0.0,0.0,0.0,0.0,0.0,0.0,0.0,0.0,0.0,0.0,0.0,0.0,0.0,0.0,0.0,0.0,0.0,0.0,0.0,0.0,0.0,0.0,0.0,0.0,0.0,0.0,0.0,0.0,0.0,0.0,0.0,0.0,0.0,0.0,0.0,0.0,0.0,0.0,0.029946864358791462,0.0,0.0,0.0,0.0,0.0,0.0,0.0,0.0,0.036178150641076025,0.0,0.0,0.0,0.0,0.0,0.0,0.0,0.0,0.0,0.0,0.0,0.0,0.0,0.0,0.0,0.0,0.0,0.0,0.0,0.0,0.0,0.0,0.0,0.0,0.0,0.0,0.0,0.0,0.0,0.0,0.0,0.0,0.0,0.0,0.0,0.0,0.0,0.0,0.0,0.0,0.0,0.0,0.0,0.0,0.0,0.0,0.0,0.0,0.0,0.0,0.0,0.0,0.0,0.0,0.0,0.0,0.0,0.0,0.0,0.0,0.0,0.0,0.0,0.0,0.0,0.0,0.0,0.023203104085334093,0.0,0.0,0.0,0.0,0.0,0.0,0.0,0.0,0.0,0.0,0.0,0.0,0.0,0.0,0.0,0.0,0.0,0.0,0.0,0.0,0.0,0.0,0.0,0.0,0.0,0.0,0.0,0.0,0.0,0.0,0.0,0.0,0.0,0.0,0.0,0.0,0.0,0.0
Kidney,0.0,0.0,0.0,0.0,0.0,0.0,0.0,0.0,0.0,0.0,0.0,0.0,0.0,0.0,0.0,0.0,0.0,0.0,0.0,0.0,0.0,0.0,0.0,0.0,0.0,0.0,0.0,0.0,0.0,0.0,0.0,0.0,0.0,0.0,0.0,0.0,0.0,0.0,0.0,0.0,0.0,0.0,0.0,0.0,0.0,0.0,0.0,0.0,0.0,0.0,0.0,0.0,0.0,0.0,0.0,0.0,0.0,0.0,0.0,0.0,0.0,0.0,0.0,0.0,0.0,0.0,0.0,0.0,0.0,0.0,0.0,0.0,0.0,0.0,0.0,0.0,0.0,0.0,0.0,0.0,0.0,0.0,0.0,0.0,0.0,0.0,0.0,0.0,0.0,0.0,0.0,0.0,0.0,0.0,0.0,0.0,0.0,0.0,0.0,0.0,0.0,0.0,0.0,0.0,0.0,0.0,0.0,0.0,0.0,0.0,0.0,0.0,0.0,0.0,0.0,0.0,0.0,0.0,0.0,0.0,0.0,0.0,0.0,0.0,0.0,0.0,0.0,0.0,0.0,0.0,0.0,0.0,0.0,0.0,0.0,0.0,0.0,0.0,0.0,0.0,0.0,0.0,0.0,0.0,0.0,0.0,0.0,0.0,0.0,0.0,0.0,0.0,0.0,0.0,0.0,0.0,0.0,0.0,0.0,0.0,0.0,0.0,0.0,0.0,0.0,0.0,0.0,0.0,0.0,0.0,0.0,0.0,0.0,0.0,0.0,0.0,0.0,0.0,0.0,0.0,0.0,0.0,0.0,0.0,0.0,0.0,0.0,0.0,0.0,0.0,0.0,0.0,0.0,0.0,0.0,0.0,0.0,0.0,0.0,0.0,0.0,0.0,0.0,0.0,0.0,0.0,0.0,0.0,0.0,0.0,0.0,0.0,0.0,0.0,0.0,0.0,0.0,0.0,0.0,0.0,0.0,0.0,0.0,0.0,0.0,0.0,0.0,0.0,0.0,0.0,0.0,0.0,0.0,0.0,0.0,0.0,0.0,0.0,0.0,0.0,0.0,0.0,0.0,0.0,0.0,0.0,0.0,0.0,0.0,0.0,0.0,0.0,0.0,0.0,0.0,0.0,0.0,0.0,0.0,0.0,0.0,0.0,0.0,0.0,0.0,0.0,0.0,0.0,0.0,0.0,0.0,0.0,0.0,0.0,0.0,0.0,0.0,0.0,0.0,0.0,0.0,0.0,0.0,0.0,0.0,0.0,0.0,0.0,0.0,0.0,0.0,0.0,0.0,0.0,0.0,0.0,0.0,0.0,0.0,0.0,0.0,0.0,0.0,0.0,0.0,0.0,0.0,0.0,0.0,0.0,0.0,0.0,0.0,0.0,0.0,0.0,0.0,0.0,0.0,0.0,0.0,0.0,0.0,0.0,0.0,0.0,0.0,0.0,0.0,0.0,0.0,0.0,0.0,0.0,0.0,0.0,0.0,0.0,0.0,0.0,0.0,0.0,0.0,0.0,0.0,0.0,0.0,0.0,0.0,0.0,0.0,0.0,0.0,0.0,0.0,0.0,0.0,0.0,0.0,0.0,0.0,0.0,0.0,0.0,0.0,0.0,0.0,0.0,0.0,0.0,0.0,0.0,0.0,0.0,0.0,0.0,0.0,0.0,0.0
Liver,0.0,0.0,0.0,0.0,0.0,0.0,0.0,0.0,0.0,0.0,0.0,0.0,0.0,0.0,0.0,0.0,0.0,0.0,0.0,0.0,0.0,0.0,0.0,0.0,0.0,0.0,0.0,0.0,0.0,0.0,0.0,0.0,0.0,0.0,0.0,0.0,0.0,0.0,0.0,0.0,0.0,0.0,0.0,0.0,0.0,0.0,0.0,0.0,0.0,0.0,0.0,0.0,0.0,0.0,0.0,0.0,0.0,0.0,0.0,0.0,0.0,0.0,0.0,0.0,0.0,0.0,0.0,0.0,0.0,0.0,0.0,0.0,0.0,0.0,0.0,0.0,0.0,0.0,0.0,0.0,0.0,0.0,0.0,0.0,0.0,0.0,0.0,0.0,0.0,0.0,0.0,0.0,0.0,0.0,0.0,0.0,0.0,0.0,0.0,0.0,0.0,0.0,0.0,0.0,0.0,0.0,0.0,0.0,0.0,0.0,0.0,0.0,0.0,0.0,0.0,0.0,0.0,0.0,0.0,0.0,0.0,0.0,0.0,0.0,0.0,0.0,0.0,0.0,0.0,0.0,0.0,0.0,0.0,0.0,0.0,0.0,0.0,0.0,0.0,0.0,0.0,0.0,0.0,0.0,0.0,0.0,0.0,0.0,0.0,0.0,0.0,0.0,0.0,0.0,0.0,0.0,0.0,0.0,0.0,0.0,0.0,0.0,0.0,0.0,0.0,0.0,0.0,0.0,0.0,0.0,0.0,0.0,0.0,0.0,0.0,0.0,0.0,0.0,0.0,0.0,0.0,0.0,0.0,0.0,0.0,0.0,0.0,0.0,0.0,0.0,0.0,0.0,0.0,0.0,0.0,0.0,0.0,0.0,0.0,0.0,0.0,0.0,0.0,0.0,0.0,0.0,0.0,0.0,0.0,0.0,0.0,0.0,0.0,0.0,0.0,0.0,0.0,0.0,0.0,0.0,0.0,0.0,0.0,0.0,0.0,0.0,0.0,0.0,0.0,0.0,0.0,0.0,0.0,0.0,0.0,0.0,0.0,0.0,0.0,0.0,0.0,0.0,0.0,0.0,0.0,0.0,0.0,0.0,0.0,0.0,0.0,0.0,0.0,0.0,0.0,0.0,0.0,0.0,0.0,0.0,0.0,0.0,0.0,0.0,0.0,0.0,0.0,0.0,0.0,0.0,0.0,0.0,0.0,0.0,0.0,0.0,0.0,0.0,0.0,0.0,0.0,0.0,0.0,0.0,0.0,0.0,0.0,0.0,0.0,0.0,0.0,0.0,0.0,0.0,0.0,0.0,0.0,0.0,0.0,0.0,0.0,0.0,0.0,0.0,0.0,0.0,0.0,0.0,0.0,0.0,0.0,0.0,0.0,0.0,0.0,0.0,0.0,0.0,0.0,0.0,0.0,0.0,0.0,0.0,0.0,0.0,0.0,0.0,0.0,0.0,0.0,0.0,0.0,0.0,0.0,0.0,0.0,0.0,0.0,0.0,0.0,0.0,0.0,0.0,0.0,0.0,0.0,0.0,0.0,0.0,0.0,0.0,0.0,0.0,0.0,0.0,0.0,0.0,0.0,0.0,0.0,0.0,0.0,0.0,0.0,0.0,0.0,0.0,0.0,0.0,0.0,0.0,0.0,0.0,0.0,0.0,0.0,0.0,0.0
Lung,0.0,0.0,0.0,0.0,0.0,0.0,0.0,0.0,0.0,0.0,0.0,0.0,0.0,0.0,0.0,0.0,0.0,0.0,0.0,0.0,0.0,0.0,0.0,0.0,0.0,0.0,0.0,0.0,0.0,0.0,0.0,0.0,0.0,0.0,0.0,0.0,0.0,0.0,0.0,0.0,0.0,0.0,0.0,0.0,0.0,0.0,0.0,0.0,0.0,0.0,0.0,0.0,0.0,0.0,0.0,0.0,0.0,0.0,0.0,0.0,0.0,0.0,0.0,0.0,0.0,0.0,0.0,0.0,0.0,0.0,0.0,0.0,0.0,0.0,0.0,0.0,0.0,0.0,0.0,0.0,0.0,0.0,0.0,0.0,0.0,0.0,0.0,0.0,0.0,0.0,0.0,0.0,0.0,0.0,0.0,0.0,0.0,0.0,0.0,0.0,0.0,0.0,0.0,0.0,0.0,0.0,0.0,0.0,0.0,0.0,0.0,0.0,0.0,0.0,0.0,0.0,0.0,0.0,0.0,0.0,0.0,0.0,0.0,0.0,0.0,0.0,0.0,0.0,0.0,0.0,0.0,0.0,0.0,0.0,0.0,0.0,0.0,0.0,0.0,0.0,0.0,0.0,0.0,0.0,0.0,0.0,0.0,0.0,0.0,0.0,0.0,0.0,0.0,0.0,0.0,0.0,0.0,0.0,0.0,0.0,0.0,0.0,0.0,0.0,0.0,0.0,0.0,0.0,0.0,0.0,0.0,0.0,0.0,0.0,0.0,0.0,0.0,0.0,0.0,0.0,0.0,0.0,0.0,0.0,0.0,0.0,0.0,0.0,0.0,0.0,0.0,0.0,0.0,0.0,0.0,0.0,0.0,0.0,0.0,0.0,0.0,0.0,0.0,0.0,0.0,0.0,0.0,0.0,0.0,0.0,0.0,0.0,0.0,0.0,0.0,0.0,0.0,0.0,0.0,0.0,0.0,0.0,0.0,0.0,0.0,0.0,0.0,0.0,0.0,0.0,0.0,0.0,0.0,0.0,0.0,0.0,0.0,0.0,0.0,0.0,0.0,0.0,0.0,0.0,0.0,0.0,0.0,0.0,0.0,0.0,0.0,0.0,0.0,0.0,0.0,0.0,0.0,0.0,0.0,0.0,0.0,0.0,0.0,0.0,0.0,0.0,0.0,0.0,0.0,0.0,0.0,0.0,0.0,0.0,0.0,0.0,0.0,0.0,0.0,0.0,0.0,0.0,0.0,0.0,0.0,0.0,0.0,0.0,0.0,0.0,0.0,0.0,0.0,0.0,0.0,0.0,0.0,0.0,0.0,0.0,0.0,0.0,0.0,0.0,0.0,0.0,0.0,0.0,0.0,0.0,0.0,0.0,0.0,0.0,0.0,0.0,0.0,0.0,0.0,0.0,0.0,0.0,0.0,0.0,0.0,0.0,0.0,0.0,0.0,0.0,0.0,0.0,0.0,0.0,0.0,0.0,0.0,0.0,0.0,0.0,0.0,0.0,0.0,0.0,0.0,0.0,0.0,0.0,0.0,0.0,0.0,0.0,0.0,0.0,0.0,0.0,0.0,0.0,0.0,0.0,0.0,0.0,0.0,0.0,0.0,0.0,0.0,0.0,0.0,0.0,0.0,0.0,0.0,0.0,0.0,0.0,0.0,0.0,0.0
Lymph node,0.0,0.0,0.0,0.0,0.0,0.0,0.0,0.0,0.0,0.0,0.0,0.0,0.0,0.0,0.0,0.0,0.0,0.0,0.0,0.0,0.0,0.0,0.0,0.0,0.0,0.0,0.0,0.0,0.0,0.0,0.0,0.0,0.0,0.0,0.0,0.0,0.0,0.0,0.0,0.0,0.0,0.0,0.0,0.0,0.0,0.0,0.0,0.0,0.0,0.0,0.0,0.0,0.0,0.0,0.0,0.0,0.0,0.0,0.0,0.0,0.0,0.0,0.0,0.0,0.0,0.0,0.0,0.0,0.0,0.0,0.0,0.0,0.0,0.0,0.0,0.0,0.0,0.0,0.0,0.0,0.0,0.0,0.0,0.0,0.0,0.0,0.0,0.0,0.0,0.0,0.0,0.0,0.0,0.0,0.0,0.0,0.0,0.0,0.0,0.0,0.0,0.0,0.0,0.0,0.0,0.0,0.0,0.0,0.0,0.0,0.0,0.0,0.0,0.0,0.0,0.0,0.0,0.0,0.0,0.0,0.0,0.0,0.0,0.0,0.0,0.0,0.0,0.0,0.0,0.0,0.0,0.0,0.0,0.0,0.0,0.0,0.0,0.0,0.0,0.0,0.0,0.0,0.0,0.0,0.0,0.0,0.0,0.0,0.0,0.0,0.0,0.0,0.0,0.0,0.0,0.0,0.0,0.0,0.0,0.0,0.0,0.0,0.0,0.0,0.0,0.0,0.0,0.0,0.0,0.0,0.0,0.0,0.0,0.0,0.0,0.0,0.0,0.0,0.0,0.0,0.0,0.0,0.0,0.0,0.0,0.0,0.0,0.0,0.0,0.0,0.0,0.0,0.0,0.0,0.0,0.0,0.0,0.0,0.0,0.0,0.0,0.0,0.0,0.0,0.0,0.0,0.0,0.0,0.0,0.0,0.0,0.0,0.0,0.0,0.0,0.0,0.0,0.0,0.0,0.0,0.0,0.0,0.0,0.0,0.0,0.0,0.0,0.0,0.0,0.0,0.0,0.0,0.0,0.0,0.0,0.0,0.0,0.0,0.0,0.0,0.0,0.0,0.0,0.0,0.0,0.0,0.0,0.0,0.0,0.0,0.0,0.0,0.0,0.0,0.0,0.0,0.0,0.0,0.0,0.0,0.0,0.0,0.0,0.0,0.0,0.0,0.0,0.0,0.0,0.0,0.0,0.0,0.0,0.0,0.0,0.0,0.0,0.0,0.0,0.0,0.0,0.0,0.0,0.0,0.0,0.0,0.0,0.0,0.0,0.0,0.0,0.0,0.0,0.0,0.0,0.0,0.0,0.0,0.0,0.0,0.0,0.0,0.0,0.0,0.0,0.0,0.0,0.0,0.0,0.0,0.0,0.0,0.0,0.0,0.0,0.0,0.0,0.0,0.0,0.0,0.0,0.0,0.0,0.0,0.0,0.0,0.0,0.0,0.0,0.0,0.0,0.0,0.0,0.0,0.0,0.0,0.0,0.0,0.0,0.0,0.0,0.0,0.0,0.0,0.0,0.0,0.0,0.0,0.0,0.0,0.0,0.0,0.0,0.0,0.0,0.0,0.0,0.0,0.0,0.0,0.0,0.0,0.0,0.0,0.0,0.0,0.0,0.0,0.0,0.0,0.0,0.0,0.0,0.0,0.0,0.0,0.0,0.0,0.0
Monocytes,0.02673087140199881,0.020117610742328842,0.011268248436559467,0.006703969975107716,0.02270723229808109,0.01529025684604136,0.016676580322951676,0.005175067733444275,0.010291908889823348,0.025562595084355155,0.022384886063442133,0.009730444029431892,0.01207350788352099,0.0,0.0012937982144225132,-0.002950175021134073,0.023428425168836108,0.027616656557531597,0.021871509785630867,0.017075557633168995,0.0021272586868338918,0.00903104475714156,0.004863904016116081,0.003792675825140241,0.011109411685960637,0.006613591972048622,0.0024040387060515426,0.011596609474461131,0.007041807774402179,0.013563187741433643,-0.0005534815781503711,0.006175556893064947,0.008760900410602433,0.004991578061562684,0.021654161982701824,0.020657376629269513,0.0019341974992448116,0.009936685272080695,0.01022527812524479,0.03849430323496998,0.008813852016085652,0.002898518033169838,0.00951412770229417,0.015363930277889676,-0.002796393087416689,0.01756170894295328,0.00997745564089182,0.0361856248724075,0.0277035556599299,0.0,0.0028140190310390473,0.0,0.006753768143331804,0.022035714282859286,0.009252836021890913,0.017154299505420717,0.012818923748248575,0.03403298324008285,0.006855306931094663,0.012151653571507093,0.012309251124526452,0.017187617727966183,0.013308704732214018,0.017225551862424308,0.020619808467130088,0.012784364977384948,0.01326485547774929,0.0,0.0226801698424184,0.012708992588127426,0.026980139287826447,0.0,0.04162775494884468,0.013972897970549025,0.03747764091545205,0.0,0.01627828767865969,0.009200914207812563,0.0,0.013617415100413347,0.000704194609852148,0.006705961513211222,-0.006587978101007426,0.008650153247190425,0.0,0.014426130497374044,0.0066800439787386996,0.016207272089351417,0.02723481246745199,-0.0026690094772038996,0.00966263019338673,0.018799065900550964,0.018682892603450747,0.005726530592522585,0.010901401522446933,0.0011606714888252826,0.0,0.008104526871444001,0.00620090954081982,0.014584408655464787,0.008164083937752989,0.007921541912285151,0.0,0.0,-0.0018588626036331636,0.008381618075454676,0.022178093279777582,0.01042064433716679,0.00814868980211005,0.034298859969998104,0.006122005455608103,0.013032174516139203,0.0010897188334902438,0.0023817299900482803,0.023301427074510286,0.004556649717848984,0.0024355599058856828,0.011875811433716542,0.014600075010074926,0.024381224747848138,0.0027839141121735415,0.02227241849444095,0.01865202887374301,0.017697781252827265,0.017539964221015582,0.018853692383126782,0.024405542364444782,0.01908850483594584,0.02730697259382689,0.028292646674638967,0.023492226680889627,0.03124738026602665,0.013085421354868544,0.025087367594179476,0.016540360599773922,0.03438353939006606,0.030392944212849857,0.015531267284914867,0.024561776702081237,0.034383123043292455,0.03283805970079354,0.026148577292105735,0.024457219157170532,0.04374627591126366,0.015191162494325049,0.04911713612235212,-0.0018807277413209686,0.01704631745201889,0.003965406145271066,0.029093113290909377,0.027363454863544072,0.003379611481848871,0.02466643850661138,0.04513605331704029,0.020879731391823423,0.04037759133441174,0.034726756185072274,0.009046454595337792,0.03510578272081964,0.015781157863830993,0.056096850318084396,0.03301785779650509,0.0026560999110921803,0.05570117130323475,-0.0026530680616757875,0.02283973985043731,0.032073919720587866,0.006586620796379727,0.0423189017258143,0.04220870123991596,0.025338282160530707,0.016406143799200804,0.028343950793513612,0.04345908009299672,0.02208065893954997,0.02259255541921186,0.021688753712213765,-0.006195083186024504,0.014625325450640535,0.015561039881702663,0.02224849400421157,0.029618068690181555,0.02329425154026176,0.04082939664551222,0.03766840613756275,0.032747352288399784,0.02690385654650343,0.03167688200389543,0.0014982388781208155,0.007887399196253822,0.03283168129291311,0.011834600713695739,0.01614661594190512,0.01564595528698593,0.01946750505601972,0.0459621084301958,0.01674647001783711,0.04576269804266937,0.005609788767424469,0.018131560535407393,0.013936592499483674,0.014148607515327925,0.011006180952697408,0.0025404685157863847,0.003095679729251028,0.020192596587932998,0.02501388260805333,0.015890721999769934,0.0077694532564425035,0.03982659222202686,0.024565761979982722,0.012671869518628606,0.008241754839283043,0.01933505664404677,0.012049573563961694,0.008128124839134162,0.008926254031463554,0.02856556598907956,0.011732457253118613,0.020290358041361638,0.062264863067850645,0.04316264612112491,0.0033488372892327544,0.01857430685615035,0.011790167798535815,0.007779280246365334,0.042785724829658076,0.026803118597212794,0.016577630359350677,0.0198437308280473,0.029486716080515746,0.035410069987108536,0.034027158390693195,0.03507942076369809,0.018327214134833923,0.02340729075232722,0.032392953434152535,0.045868747273593684,0.0174489385576967,0.018114657744183194,0.03395157479318755,0.01932287630762425,0.025384049949229503,0.013151349764177827,0.01250624545651563,0.032333118759516326,0.006818132419695371,0.005646710133068816,0.031207996054269077,0.018974175687042915,0.02577179164948847,0.011641354185804703,0.01876929430950416,0.0,0.009261288463098543,0.01701836218934412,0.0,0.03121321481502126,0.022646642958014208,0.028236132335740786,0.0,0.005055634894263788,0.013397882196525475,0.01039910912246532,0.006223056144191039,0.04097219086882745,0.0,0.04182537609941152,0.011519515442877062,0.00029001127811626413,0.0,0.023285816023350437,0.01344814377656296,0.012828131505395059,0.02688984494450172,0.04199481109333064,0.0036415136774643996,0.022063259314856525,0.022975306773900944,0.02936114546155756,0.007431856627942133,0.017967714797029348,0.01993267527920726,0.032324234812715,0.021246601561152174,0.0333901494511095,0.006268117781789602,0.013262422807619,0.022230357332571914,0.012803492756495536,0.021531924330141727,0.0181313150722891,0.0,0.01810200535662973,0.0,0.010321669223266966,0.010974427390291919,0.004113108708179797,0.003080723359999222,0.0007505893438849451,0.013603711618461476,0.0,0.0105649348276796,0.01721451771432654,0.02438958173125945,0.0009262520814159979,0.055373381183996644,0.014153125242904647,0.02118902397661629,0.0011899473940947657,0.019736827349010815,0.006918088286495235,0.012009226213915439,0.007075687473038696,0.017963533474014713,0.0,0.016197117697257235,0.027731579287197397,0.008625915909041514,0.003252417997181259,0.033222012832040085,0.03505677584051757,0.007698472526379986,-0.0005021310723985761,0.030930887903177735,0.0028115800725214118,0.02413497032750454,0.0,0.01043751425929042,0.010214439652403222,0.0,0.005306000055650301,0.02695029813419824,0.0,0.015124491897125536,0.0,0.015954982176357862,0.0,0.015380615383508435,0.0,-0.007103730611811425,0.0,0.008120853668379006,0.023544663537902917,0.005159610063590955,0.013453040204887207,0.02047631350316865,0.0,0.0,0.020204716012273347,0.00776910081285268,0.0036857728120532653,0.007232747681620607,0.049138235947899706,0.010570777429622195,0.010373161920216492,0.04396306804209554,0.016349660060215158,0.01647404986787385,0.0,-0.0055800387304921935,0.009830609211387181,0.0012826833625153083,0.01417834829652596,0.028842956284785712,0.0,0.004310413948185205,0.005433229418365576,0.015082709163242005,0.0020482305507071273,0.009454648443445795,0.04428022606940184,0.037150460399751055,-0.0013656227663264228,0.003764035452533813,0.001333704424374877,0.02632374476692845,0.005949811513988653,0.010420018727366974
NK-cells,0.0,0.0,0.0,0.0,0.0,0.0,0.0,0.0,0.0,0.0,0.0,0.0,0.0,0.0,0.0,0.0,0.0,0.0,0.0,0.0,0.0,0.0,0.0,0.0,0.0,0.0,0.0,0.0,0.0,0.0,0.0,0.0,0.0,0.0,0.0,0.0,0.0,0.0,0.0,0.0,0.0,0.0,0.0,0.0,0.0,0.0,0.0,0.0,0.0,0.0,0.0,0.0,0.0,0.0,0.0,0.0,0.0,0.0,0.0,0.0,0.0,0.0,0.0,0.0,0.0,0.0,0.0,0.0,0.0,0.0,0.0,0.0,0.0,0.0,0.0,0.0,0.0,0.0,0.0,0.0,0.0,0.0,0.0,0.0,0.0,0.0,0.0,0.0,0.0,0.0,0.0,0.0,0.0,0.0,0.0,0.0,0.0,0.0,0.0,0.0,0.0,0.0,0.0,0.0,0.0,0.0,0.0,0.0,0.0,0.0,0.0,0.0,0.0,0.0,0.0,0.0,0.0,0.0,0.0,0.0,0.0,0.0,0.0,0.0,0.0,0.0,0.0,0.0,0.0,0.0,0.0,0.0,0.0,0.0,0.0,0.0,0.0,0.0,0.0,0.0,0.0,0.0,0.0,0.0,0.0,0.0,0.0,0.0,0.0,0.0,0.0,0.0,0.0,0.0,0.0,0.0,0.0,0.0,0.0,0.0,0.0,0.0,0.0,0.0,0.0,0.0,0.0,0.0,0.0,0.0,0.0,0.0,0.0,0.0,0.0,0.0,0.0,0.0,0.0,0.0,0.0,0.0,0.0,0.0,0.0,0.0,0.0,0.0,0.0,0.0,0.0,0.0,0.0,0.0,0.0,0.0,0.0,0.0,0.0,0.0,0.0,0.0,0.0,0.0,0.0,0.0,0.0,0.0,0.0,0.0,0.0,0.0,0.0,0.0,0.0,0.0,0.0,0.0,0.0,0.0,0.0,0.0,0.0,0.0,0.0,0.0,0.0,0.0,0.0,0.0,0.0,0.0,0.0,0.0,0.0,0.0,0.0,0.0,0.0,0.0,0.0,0.0,0.0,0.0,0.0,0.0,0.0,0.0,0.0,0.0,0.0,0.0,0.0,0.0,0.0,0.0,0.0,0.0,0.0,0.0,0.0,0.0,0.0,0.0,0.0,0.0,0.0,0.0,0.0,0.0,0.0,0.0,0.0,0.0,0.0,0.0,0.0,0.0,0.0,0.0,0.0,0.0,0.0,0.0,0.0,0.0,0.0,0.0,0.0,0.0,0.0,0.0,0.0,0.0,0.0,0.0,0.0,0.0,0.0,0.0,0.0,0.0,0.0,0.0,0.0,0.0,0.0,0.0,0.0,0.0,0.0,0.0,0.0,0.0,0.0,0.0,0.0,0.0,0.0,0.0,0.0,0.0,0.0,0.0,0.0,0.0,0.0,0.0,0.0,0.0,0.0,0.0,0.0,0.0,0.0,0.0,0.0,0.0,0.0,0.0,0.0,0.0,0.0,0.0,0.0,0.0,0.0,0.0,0.0,0.0,0.0,0.0,0.0,0.0,0.0,0.0,0.0,0.0,0.0,0.0,0.0,0.0,0.0,0.0,0.0,0.0,0.0,0.0,0.0,0.0,0.0,0.0,0.0,0.0,0.0,0.0,0.0,0.0,0.0
Nasal polyps,0.0,0.0,0.0,0.0,0.0,0.0,0.0,0.0,0.0,0.0,0.0,0.0,0.0,0.0,0.0,0.0,0.0,0.0,0.0,0.0,0.0,0.0,0.0,0.0,0.0,0.0,0.0,0.0,0.0,0.0,0.0,0.0,0.0,0.0,0.0,0.0,0.0,0.0,0.0,0.0,0.0,0.0,0.0,0.0,0.0,0.0,0.0,0.0,0.0,0.0,0.0,0.0,0.0,0.0,0.0,0.0,0.0,0.0,0.0,0.0,0.0,0.0,0.0,0.0,0.0,0.0,0.0,0.0,0.0,0.0,0.0,0.0,0.0,0.0,0.0,0.0,0.0,0.0,0.0,0.0,0.0,0.0,0.0,0.0,0.0,0.0,0.0,0.0,0.0,0.0,0.0,0.0,0.0,0.0,0.0,0.0,0.0,0.0,0.0,0.0,0.0,0.0,0.0,0.0,0.0,0.0,0.0,0.0,0.0,0.0,0.0,0.0,0.0,0.0,0.0,0.0,0.0,0.0,0.0,0.0,0.0,0.0,0.0,0.0,0.0,0.0,0.0,0.0,0.0,0.0,0.0,0.0,0.0,0.0,0.0,0.0,0.0,0.0,0.0,0.0,0.0,0.0,0.0,0.0,0.0,0.0,0.0,0.0,0.0,0.0,0.0,0.0,0.0,0.0,0.0,0.0,0.0,0.0,0.0,0.0,0.0,0.0,0.0,0.0,0.0,0.0,0.0,0.0,0.0,0.0,0.0,0.0,0.0,0.0,0.0,0.0,0.0,0.0,0.0,0.0,0.0,0.0,0.0,0.0,0.0,0.0,0.0,0.0,0.0,0.0,0.0,0.0,0.0,0.0,0.0,0.0,0.0,0.0,0.0,0.0,0.0,0.0,0.0,0.0,0.0,0.0,0.0,0.0,0.0,0.0,0.0,0.0,0.0,0.0,0.0,0.0,0.0,0.0,0.0,0.0,0.0,0.0,0.0,0.0,0.0,0.0,0.0,0.0,0.0,0.0,0.0,0.0,0.0,0.0,0.0,0.0,0.0,0.0,0.0,0.0,0.0,0.0,0.0,0.0,0.0,0.0,0.0,0.0,0.0,0.0,0.0,0.0,0.0,0.0,0.0,0.0,0.0,0.0,0.0,0.0,0.0,0.0,0.0,0.0,0.0,0.0,0.0,0.0,0.0,0.0,0.0,0.0,0.0,0.0,0.0,0.0,0.0,0.0,0.0,0.0,0.0,0.0,0.0,0.0,0.0,0.0,0.0,0.0,0.0,0.0,0.0,0.0,0.0,0.0,0.0,0.0,0.0,0.0,0.0,0.0,0.0,0.0,0.0,0.0,0.0,0.0,0.0,0.0,0.0,0.0,0.0,0.0,0.0,0.0,0.0,0.0,0.0,0.0,0.0,0.0,0.0,0.0,0.0,0.0,0.0,0.0,0.0,0.0,0.0,0.0,0.0,0.0,0.0,0.0,0.0,0.0,0.0,0.0,0.0,0.0,0.0,0.0,0.0,0.0,0.0,0.0,0.0,0.0,0.0,0.0,0.0,0.0,0.0,0.0,0.0,0.0,0.0,0.0,0.0,0.0,0.0,0.0,0.0,0.0,0.0,0.0,0.0,0.0,0.0,0.0,0.0,0.0,0.0,0.0,0.0,0.0,0.0,0.0,0.0
Ovary,0.0,0.0,0.0,0.0,0.0,0.0,0.0,0.0,0.0,0.0,0.0,0.0,0.0,0.049955847700407396,0.025624203222820295,0.033736582273715995,0.0,0.0,0.0,0.0,0.041465049496963224,0.0,0.0,0.0,0.0,0.0,0.0,0.0,0.0,0.0,0.0,0.0,0.0455877994383818,0.0,0.0,0.0,0.05191411510145143,0.0,0.0,0.0,0.0238636786533123,0.0,0.04533852855032675,0.0,0.0622370927513764,0.0,0.0,0.0,0.0,0.0,0.028785206065951686,0.03615140670581253,0.0,0.0,0.0,0.0,0.0,0.0,0.04112979879846182,0.0,0.0,0.0,0.0,0.0,0.0,0.0,0.0,0.04033926693632295,0.0,0.0,0.0,0.0,0.0,0.0,0.0,0.0374722193968072,0.0,0.0,0.0,0.0,0.0,0.0,0.04170806142332787,0.0,0.042628082698211334,0.0,0.0,0.0,0.0,0.0,0.018355514737764332,0.0,0.0,0.0,0.0,0.0,0.05316667842493284,0.0,0.0,0.0,0.03211402915046901,0.0,0.05072466067247791,0.03364199594586733,0.0321002144420537,0.0,0.03486136004271767,0.02657651559257982,0.0,0.0,0.03783736026615847,0.0,0.0357539676824271,0.0,0.0,0.024037749663651766,0.031127668725069786,0.0,0.0,0.0,0.0495170861046336,0.0,0.0,0.0,0.0,0.0,0.0,0.0,0.0,0.0,0.0,0.0,0.0,0.0,0.0,0.0,0.0,0.0,0.0,0.0,0.0,0.0,0.0,0.0,0.0,0.0,0.0,0.0442059050873647,0.0,0.0,0.0,0.044750737696865966,0.0,0.0,0.0,0.0,0.0,0.0,0.0,0.0,0.0,0.0,0.0,0.0,0.046411086291154695,0.0,0.0,0.0,0.0,0.0,0.0,0.0,0.0,0.0,0.0,0.0,0.0,0.04455866659532538,0.0,0.028777225233238304,0.0,0.0,0.0,0.0,0.0,0.0,0.0,0.0,0.05438615337256046,0.0,0.0,0.0,0.0,0.0,0.0,0.0,0.0,0.0,0.0,0.0,0.0,0.0,0.0,0.032985399158109,0.053557469691684643,0.0,0.0,0.03057312808924268,0.0,0.0,0.02434806182344611,0.0,0.0,0.0,0.0,0.0,0.04212038427802362,0.0,0.0,0.0,0.0,0.0,0.0,0.0,0.0,0.0,0.0,0.0,0.0,0.0,0.0,0.0,0.0,0.0,0.0,0.0,0.0,0.0,0.0390135647177134,0.0,0.0,0.0,0.0,0.06857539734800089,0.0,0.0,0.0,0.0,0.0,0.0,0.0,0.0,0.0,0.0508046546069167,0.049544601123243256,0.0,0.050297551431712384,0.0,0.0,0.0,0.04074960811580451,0.0,0.0,0.0,0.039543114946659186,0.0,0.042699959722472536,0.0,0.0,0.0,0.05460589001445634,0.0,0.0,0.0,0.0,0.0,0.0,0.0,0.0,0.0,0.0,0.0,0.0,0.0,0.0,0.0,0.0,0.0,0.0,0.0,0.0,0.0,0.0,0.0,0.05592941176680187,0.027843721347623668,0.044034857128662314,0.0,0.04360462797063442,0.0,0.0,0.0,0.05077485868493676,0.0,0.0,0.0,0.0,0.0,0.0,0.048850356011346546,0.0,0.03454073701916355,0.0,0.0,0.0,0.07791381621824174,0.0,0.0,0.0,0.0,0.0,0.0,0.03142394198618882,0.07452762769230432,0.0,0.0,0.0,0.04938484789563022,0.0,0.043550555366368815,0.05146805759957151,0.05158615645349657,0.0,0.06672340562815367,0.030137975267397754,0.06896006130341804,0.0,0.0779051430355159,0.04649399932590191,0.08627661760006917,0.0375344194499717,0.08031314778862021,0.0429987264713066,0.0,0.043153505327389305,0.0,0.0,0.0353234021946921,0.057566341019011674,0.047634394514721734,0.03841080726045179,0.06039659683269484,0.03092024269787968,0.0,0.0,0.0,0.0,0.0,0.0,0.0426283292442054,0.05564498559905099,0.03494843203470877,0.06048578330618559,0.04585596122717792,0.0,0.04996642394351844,0.04425732447507637,0.029478682602727537,0.03527966974436434,0.051302874876444804,0.039063149438857095,0.0,0.0,0.04060808656521288,0.04773919274436076,0.03487786150054392,0.0,0.030941853043005396,0.0
Oviduct,0.09400253045666722,0.0,0.0,0.0,0.0,0.0,0.0,0.0,0.0,0.0,0.0,0.0,0.0,0.0,0.0,0.0,0.0,0.0,0.0,0.0,0.0,0.0,0.0,0.0,0.0,0.0,0.0,0.0,0.0,0.0,0.0,0.0,0.0,0.0,0.08956358703003732,0.0,0.0,0.0,0.0,0.0,0.0,0.0,0.0,0.0,0.0,0.0,0.0,0.0,0.0,0.0,0.0,0.0,0.0,0.0,0.0,0.0,0.0,0.0,0.0,0.0,0.0,0.0,0.0,0.0,0.0,0.0,0.0,0.0,0.0,0.0,0.0,0.0,0.0,0.0,0.0,0.0,0.0,0.0,0.0,0.0,0.0,0.0,0.0,0.0,0.0,0.0,0.0,0.0,0.0,0.0,0.0,0.0,0.0,0.0,0.0,0.0,0.0,0.0,0.0,0.0,0.0,0.0,0.0,0.0,0.0,0.0,0.0,0.0,0.0,0.0,0.0,0.0,0.0,0.0,0.0,0.0,0.0,0.0,0.0,0.0,0.0,0.0,0.0,0.0,0.0,0.0,0.0,0.0,0.0,0.0,0.0,0.0,0.0,0.0,0.0,0.0,0.0,0.0,0.0,0.0,0.0,0.0,0.0,0.0,0.0,0.0,0.0,0.0,0.0,0.0,0.0,0.0,0.0,0.0,0.0,0.0,0.0,0.0,0.0,0.0,0.0,0.0,0.0,0.0,0.0,0.0,0.0,0.0,0.0,0.0,0.0,0.0,0.0,0.0,0.0,0.0,0.0,0.0,0.0,0.0,0.0,0.09071398067363234,0.0,0.0,0.0,0.0,0.0,0.0,0.0,0.0,0.0,0.0,0.0,0.0,0.0,0.0,0.0,0.0,0.0,0.0,0.0,0.0,0.0,0.0,0.0,0.0,0.0,0.0,0.0,0.0,0.0,0.06059017270754201,0.0,0.0,0.0,0.0,0.0,0.0,0.0,0.0,0.0,0.0,0.08253418731314938,0.0,0.0,0.0,0.0,0.0,0.0,0.0,0.0,0.0,0.0,0.0,0.0,0.0,0.0,0.0,0.0,0.0,0.0,0.0,0.0,0.0,0.0,0.0,0.0,0.0,0.0,0.0,0.0,0.0,0.07719210129966539,0.0,0.0,0.0,0.0,0.0,0.0,0.0,0.0,0.0,0.0,0.0,0.0,0.0,0.0,0.0,0.0,0.0,0.0,0.0,0.0,0.0,0.0,0.0,0.0,0.0,0.0,0.0,0.0,0.0,0.08505843233637604,0.0,0.0,0.0,0.0,0.0,0.0,0.0,0.0,0.0,0.0,0.0,0.0,0.0,0.0,0.08329709850754588,0.0,0.0,0.0,0.0,0.0,0.0,0.0,0.0,0.0,0.0,0.08197204842834281,0.0,0.0,0.0,0.0,0.0,0.0,0.0,0.0,0.0,0.0,0.0,0.0,0.0,0.0,0.0,0.0,0.0,0.0,0.0,0.0,0.0,0.0,0.0,0.0,0.04697352540521092,0.0,0.04814998652910027,0.0,0.049577486372317944,0.0,0.044923650557716875,0.0,0.05101957313661776,0.0,0.0,0.0,0.0,0.0,0.0,0.0,0.0,0.0,0.0,0.0,0.0,0.0,0.0,0.0,0.0,0.0,0.0,0.0,0.0,0.0,0.0,0.0,0.0,0.0,0.0,0.0,0.0,0.0,0.0,0.0,0.05922173824692403,0.0,0.0,0.0,0.0,0.0
Pancreas,0.0505676483721324,0.07288341528359704,0.04120169315093654,0.03909912154291829,0.035859416472940775,0.0383222054821587,0.046087283237996025,0.0370482243193732,0.03810700158521857,0.051454353570257294,0.0401295972616379,0.044423010407463485,0.037190785507610784,0.0106392928632871,0.03326325621945727,0.02027508868640336,0.03265720889924265,0.051291456335730484,0.048420042735736635,0.06410132595949983,0.02018698933335237,0.04679107349540251,0.02940609727171414,0.02056488520296329,0.03993808106933021,0.025340632021636684,0.05313722431289371,0.0439406943914873,0.042473361212870334,0.04741624319856075,0.03328666791230772,0.02659595187604795,0.022122658115021968,0.03403067662495086,0.0522536493967633,0.032732937440669754,0.029008969740741034,0.04850749161919502,0.03708189338466851,0.0476167267130108,0.03236159235463001,0.026917294464674592,0.022927772531516875,0.05757573880105442,0.009669779334589804,0.05908981814365238,0.04124177915546673,0.05851776745721895,0.049542087865440496,0.03504545950816348,0.03842635754830445,0.013167931059932123,0.033308314344465434,0.05512501911448979,0.04760996804760423,0.04693126783998261,0.039970417835712514,0.04890817964405406,0.011685479380389094,0.039106582794255745,0.03299889500562085,0.05516335006053088,0.03473931313099169,0.028596836533520596,0.04901409124042055,0.0435193182658925,0.06437277956687514,0.019823711099626638,0.03471391555767415,0.046017709913327785,0.01297881470099046,0.02101118644740066,0.037277121130332824,0.03694162540980959,0.05726496163621971,0.024709383829158375,0.051866310618985535,0.05772088486599205,0.029882820145214515,0.04195808506391145,0.03815514360768775,0.03520444237451833,0.004212551328844197,0.033211089172296426,0.020764770233577607,0.03831596361980843,0.041395715945625404,0.05010312007908659,0.024882459287659024,0.034310621316246126,0.038614151326866145,0.04269574182438467,0.026430410426632675,0.024059231502521632,0.05292375487053197,0.03251650307565306,0.02753779519129722,0.06300383103976515,0.028517381339660076,0.04783654419327831,0.032847354076907205,0.037301440731023865,0.02200566396056957,0.016911703496485436,0.02182105808722371,0.03109458614206572,0.02468130303531104,0.01370870299960485,0.04305108729757381,0.028703327714103957,0.03885616927712916,0.018034751454444414,0.021250549634986307,0.03701376589685059,0.02211366582807273,0.01581638283078647,0.03168576768470367,0.03257543470424153,0.03254893948176249,0.042562460399132106,0.011210847157117511,0.030718369012532762,0.05423806418197414,0.05990768726433772,0.03866484735381322,0.03853289973713798,0.042221119584684295,0.056360188595381264,0.05097212075162667,0.055207707867683864,0.036119562670342775,0.042906374308161965,0.028955706916688452,0.0525565143363185,0.05398325693390781,0.054835210102372654,0.05535498653407096,0.04755620444979785,0.04228628267071856,0.05266093893687734,0.05875726633780742,0.051670325117362685,0.031179722330296863,0.051421806978547084,0.02705207721909457,0.05663579021136662,0.03078315638761547,0.032691855869434336,0.015895198537912977,0.05447775038870109,0.0630641427990041,0.03316535655938827,0.057859833857924946,0.05097969943764458,0.03921524522147314,0.025731221296419096,0.05225900135388208,0.03818360886545937,0.03434723129636005,0.03735982154578654,0.06222324751379229,0.058646493403722535,0.02299864207135882,0.04746785510627685,0.011381833033288408,0.062459792971098174,0.059023708663784875,0.03471976359842121,0.05680934527835632,0.054730471217502547,0.04065613764868716,0.049726410194730036,0.044430464651673204,0.03708933855411911,0.054756590508001315,0.04387942188055656,0.06067235277344562,0.02163681535925434,0.03330258611032476,0.03323696956719653,0.042780863306817615,0.03590478689772933,0.0326658768138608,0.055815813236460496,0.054240835550428995,0.03708612726889127,0.05251726605622248,0.038438987941531104,0.017665287482345124,0.02571389507911334,0.03696621733924796,0.022684206922006876,0.03293857988135838,0.03583575483654058,0.04080782311228345,0.056470640721622646,0.022110533253049184,0.03759744833423174,0.034424620283575014,0.04576029596385887,0.04536173772787772,0.03842708283543037,0.03963975599478421,0.02831141317341913,0.0241089526888089,0.0490425743162035,0.05656514404484556,0.028461339780334372,0.02609187614601858,0.038256914307838515,0.03534624932107612,0.017342922260625032,0.031274198408377744,0.027776108057410518,0.0538142079643342,0.008311192405450179,0.0367219267475896,0.040351142323774625,0.04594614356006211,0.04015525609515126,0.06353214861953436,0.0569994827678741,0.03375003807876517,0.04549315338566254,0.021096811081399866,0.03810878039063381,0.03533920182471585,0.03345055888425458,0.0529233623126447,0.05231444318026126,0.0537356756990844,0.03021769553571336,0.04231933081918239,0.05850237758922155,0.04932890924900968,0.026249558119482975,0.04253907929014515,0.050469381775390634,0.04026223131531749,0.05168234723086056,0.04859917902131997,0.04129935345245203,0.05476820959959758,0.010222244223581686,0.06637110470000442,0.061114667974011216,0.046407082197301136,0.04069638541701583,0.05619787238479499,0.06263480750145362,0.05334251404017809,0.04200801042346807,0.0262534827659682,0.01689086933275278,0.01699614804312994,0.04179941221034576,0.031071391699627995,0.037945299140739054,0.04223462145118396,0.03173622545054884,0.023680555934317386,0.02771741179777858,0.07157954627455129,0.06430132900565426,0.01733254061420867,0.07023528967026896,0.04498844469751734,0.022971703577075227,0.025996559220613214,0.03620139680410834,0.023948152080194,0.056114263202738816,0.0612392064351386,0.05130805960701987,0.03573903461399016,0.04525290672371348,0.015145678007605901,0.04286840098439805,0.041799483494567594,0.046103669603054266,0.04181610295828529,0.049871472332681716,0.027984564823285846,0.05497671359518415,0.04341758706358145,0.05420786746104224,0.03364986119510273,0.03756942246196206,0.028057141693315045,0.0247245720830983,0.06264154968233052,0.04312266532624927,0.04290167632059871,0.06494457085479098,0.03239343637719234,0.023550106735544543,0.02887407299824168,0.021423491692059822,0.025611221806628625,0.0337239224541328,0.031235272309926513,0.03303600590400432,0.03272526450493754,0.04479932545168927,0.040247515123657075,0.03999464400956067,0.04684624330276817,0.05325916286560478,0.03217068422718772,0.03435513861196516,0.02842846877233169,0.04347957447533525,0.05460766120070834,0.0315763748982677,0.030677497335961326,0.0083169523773347,0.051695090095286104,0.04776976636016349,0.047570375157267704,0.026467549944711607,0.05290903572877401,0.06548679485743754,0.02917574052452812,0.01939392607984846,0.05610665147408844,0.048537637056661594,0.06181442010996208,0.018880830801361215,0.04072939880019117,0.02699781832418798,0.02047524174305323,0.02256338406175349,0.03181358918347098,-0.004176191133205193,0.01699691720556235,0.0,0.04146921902729538,0.0,0.02442131810563422,0.0,0.02836212889969599,0.0,0.016891331320781987,0.04787564316927247,0.029507623729284324,0.065498339628788,0.024046382071098216,0.03496889609294418,0.025901040934669193,0.03463929923068007,0.025959123827634822,0.024516477544832695,0.033600810184234275,0.06198198542631761,0.03451673880410195,0.03731487971594637,0.04694702568067548,0.039937438539464874,0.038270577536229325,0.010690266617750611,0.016420815861688042,0.02437772283614582,0.03060618244920963,0.025594312466917242,0.04049886041316741,0.02279396747375267,0.012300488864884659,0.027095204693161224,0.026347552472010635,0.01293011442972622,0.039427853942786265,0.055158888036062274,0.06681067180896842,0.008349271284263663,0.036034141563465724,0.020644297601809667,0.05339212220407639,0.03691376883353159,0.03013066879638231
Parotid gland,0.0,0.0,0.0,0.0,0.0,0.0,0.0,0.0,0.0,0.0,0.0,0.0,0.0,0.0,0.0,0.0,0.0,0.0,0.0,0.0,0.0,0.0,0.0,0.0,0.0,0.0,0.0,0.0,0.0,0.0,0.0,0.0,0.0,0.0,0.0,0.0,0.0,0.0,0.0,0.0,0.0,0.0,0.0,0.0,0.0,0.0,0.0,0.0,0.0,0.0,0.0,0.0,0.0,0.0,0.0,0.0,0.0,0.0,0.0,0.0,0.0,0.0,0.0,0.0,0.0,0.0,0.0,0.0,0.0,0.0,0.0,0.0,0.0,0.0,0.0,0.0,0.0,0.0,0.0,0.0,0.0,0.0,0.0,0.0,0.0,0.0,0.0,0.0,0.0,0.0,0.0,0.0,0.0,0.0,0.0,0.0,0.0,0.0,0.0,0.0,0.0,0.0,0.0,0.0,0.0,0.0,0.0,0.0,0.0,0.0,0.0,0.0,0.0,0.0,0.0,0.0,0.0,0.0,0.0,0.0,0.0,0.0,0.0,0.0,0.0,0.0,0.0,0.0,0.0,0.0,0.0,0.0,0.0,0.0,0.0,0.0,0.0,0.0,0.0,0.0,0.0,0.0,0.0,0.0,0.0,0.0,0.0,0.0,0.0,0.0,0.0,0.0,0.0,0.0,0.0,0.0,0.0,0.0,0.0,0.0,0.0,0.0,0.0,0.0,0.0,0.0,0.0,0.0,0.0,0.0,0.0,0.0,0.0,0.0,0.0,0.0,0.0,0.0,0.0,0.0,0.0,0.0,0.0,0.0,0.0,0.0,0.0,0.0,0.0,0.0,0.0,0.0,0.0,0.0,0.0,0.0,0.0,0.0,0.0,0.0,0.0,0.0,0.0,0.0,0.0,0.0,0.0,0.0,0.0,0.0,0.0,0.0,0.0,0.0,0.0,0.0,0.0,0.0,0.0,0.0,0.0,0.0,0.0,0.0,0.0,0.0,0.0,0.0,0.0,0.0,0.0,0.0,0.0,0.0,0.0,0.0,0.0,0.0,0.0,0.0,0.0,0.0,0.0,0.0,0.0,0.0,0.0,0.0,0.0,0.0,0.0,0.0,0.0,0.0,0.0,0.0,0.0,0.0,0.0,0.0,0.0,0.0,0.0,0.0,0.0,0.0,0.0,0.0,0.0,0.0,0.0,0.0,0.0,0.0,0.0,0.0,0.0,0.0,0.0,0.0,0.0,0.0,0.0,0.0,0.0,0.0,0.0,0.0,0.0,0.0,0.0,0.0,0.0,0.0,0.0,0.0,0.0,0.0,0.0,0.0,0.0,0.0,0.0,0.0,0.0,0.0,0.04412281668302377,0.0,0.0,0.0,0.0,0.0,0.0,0.0,0.0,0.0,0.0,0.0,0.0,0.0,0.0,0.0,0.0,0.0,0.0,0.0,0.0,0.0,0.0,0.0,0.0,0.0,0.0,0.0,0.0,0.02905267788622928,0.0,0.02342748689238011,0.0,0.026038033734489388,0.0,0.03052002673788882,0.0,0.0,0.0,0.0,0.0,0.0,0.0,0.0,0.0,0.0,0.0,0.0,0.0,0.0,0.0,0.0,0.0,0.0,0.0,0.0,0.0,0.0,0.0,0.0,0.0,0.0,0.0,0.0,0.0,0.0,0.0,0.0,0.0,0.0,0.0,0.0,0.0
Pituitary gland,0.0,0.032310137584205145,0.0,0.0,0.0,0.0,0.0,0.03269372197135257,0.0,0.0,0.0,0.0,0.0,0.0,0.0,0.0,0.0,0.0,0.026528668663183177,0.0,0.0,0.0,0.0,0.0498950230843556,0.0,0.03671719881059359,0.0,0.0,0.0,0.0,0.0,0.0,0.0,0.028132409978404833,0.0,0.0,0.0,0.0,0.0,0.0,0.0,0.0,0.019482278855584675,0.0,0.0,0.0,0.0,0.0,0.0,0.01923525329941958,0.0,0.0,0.0,0.0,0.0,0.04737185412333899,0.0,0.0,0.021361577798690124,0.0,0.0,0.0,0.0,0.0,0.0,0.018185058551340227,0.0,0.03970465737778056,0.0,0.0,0.0,0.03877957097406665,0.0,0.0,0.0,0.0,0.0,0.03879031104495728,0.052180701971538644,0.0,0.0,0.03667415171405829,0.0,0.0,0.03951889964343194,0.0,0.03135026595318583,0.0,0.0,0.0,0.0,0.027840091235283308,0.053645774980195654,0.0,0.03417931069771114,0.0,0.038341312863670915,0.0,0.0277440680967938,0.0,0.0,0.0,0.02914655444940096,0.04851131505178216,0.0,0.0,0.0,0.0,0.0199518122822201,0.04568143032332718,0.0,0.0,0.0,0.0,0.0,0.0,0.0,0.0,0.0,0.0,0.0,0.0,0.0,0.0,0.0,0.0,0.0,0.0,0.0,0.0,0.0,0.0,0.0,0.0,0.0,0.0,0.0,0.0,0.0,0.0,0.0,0.0,0.0,0.0,0.0,0.0,0.0,0.0,0.02684717825614446,0.0,0.01965652988546941,0.0,0.0,0.0,0.0,0.0,0.0,0.0,0.0,0.0,0.0,0.0,0.0,0.0,0.0,0.0,0.0,0.0,0.0,0.0,0.0,0.0,0.0,0.0,0.0,0.0,0.0,0.0,0.0,0.0,0.0,0.0,0.0,0.0,0.0,0.0,0.0,0.0,0.0,0.0,0.0,0.0,0.0,0.0,0.0,0.0,0.028561866057086088,0.0,0.0,0.0,0.03290724004671651,0.04315169553372093,0.03941430069546495,0.0,0.0,0.0,0.0,0.0,0.0,0.0,0.0,0.0,0.026721195305994157,0.04255572300349496,0.0,0.054312359464283366,0.0,0.0,0.0,0.03881833200198821,0.0,0.0,0.0,0.0,0.04088081821670794,0.03659676302266739,0.03788242039042925,0.0,0.0,0.031614756569515574,0.0,0.026897586758953384,0.03259934102282677,0.028470130596356884,0.0,0.0,0.0,0.0,0.0,0.0,0.0,0.03182610972581456,0.0,0.0,0.03426368801800759,0.0,0.0,0.03734907805656586,0.0,0.0,0.0,0.0,0.0,0.027602398652382256,0.0,0.0,0.03235369502967788,0.0,0.0,0.0339247099199464,0.0,0.028017893021225128,0.0,0.0,0.0,0.0,0.0,0.0,0.0264982252776362,0.0,0.04314433625485919,0.0,0.0,0.028913686032562863,0.036397443242140844,0.0,0.03359839829724568,0.0,0.0,0.0,0.030977516054661286,0.0,0.0,0.0,0.0,0.0,0.0403209388435012,0.0,0.03168863665564862,0.0,0.0,0.0,0.051850876693865275,0.04139422497498702,0.0,0.0,0.0,0.0,0.0,0.028545585319981755,0.027936132893364975,0.04102524435442063,0.0,0.0,0.0,0.02947940045855485,0.0,0.0,0.0,0.0,0.0,0.0,0.0,0.02798477518007247,0.0,0.0,0.0,0.0,0.0,0.0,0.0,0.0,0.0,0.0,0.0,0.02604908472851968,0.048127107360431035,0.02314095948501109,0.02930036959712726,0.0,0.023226590732507435,0.0,0.0,0.03175984957054777,0.0,0.03888236226071424,0.0,0.02382442409672829,0.0,0.02107914424299165,0.0,0.02188523244815116,0.0,0.0,0.0,0.0,0.0,0.0,0.0,0.0,0.0,0.0,0.0,0.0,0.03434364264612192,0.0,0.0,0.03721487263065915,0.0,0.018494825959849012,0.0,0.0,0.0,0.0,0.0,0.027057864995139076,0.0,0.0,0.0,0.0,0.0,0.0,0.0,0.0,0.0,0.0,0.0,0.0,0.0
Placenta,0.0,0.0,0.0,0.0,0.0,0.0,0.0,0.0,0.0,0.0,0.0,0.0,0.0,0.0,0.0,0.0,0.0,0.0,0.0,0.0,0.0,0.0,0.0,0.0,0.0,0.0,0.0,0.0,0.0,0.0,0.0,0.0,0.0,0.0,0.0,0.0,0.0,0.0,0.0,0.0,0.0,0.0,0.0,0.0,0.0,0.0,0.0,0.0,0.0,0.0,0.0,0.0,0.0,0.0,0.0,0.0,0.0,0.0,0.0,0.0,0.0,0.0,0.0,0.0,0.0,0.0,0.0,0.0,0.0,0.0,0.0,0.0,0.0,0.0,0.0,0.0,0.0,0.0,0.0,0.0,0.0,0.0,0.0,0.0,0.0,0.0,0.0,0.0,0.0,0.0,0.0,0.0,0.0,0.0,0.0,0.0,0.0,0.0,0.0,0.0,0.0,0.0,0.0,0.0,0.0,0.0,0.0,0.0,0.0,0.0,0.0,0.0,0.0,0.0,0.0,0.0,0.0,0.0,0.0,0.0,0.0,0.0,0.0,0.0,0.0,0.0,0.0,0.0,0.0,0.0,0.0,0.0,0.0,0.0,0.0,0.0,0.0,0.0,0.0,0.0,0.0,0.0,0.0,0.0,0.0,0.0,0.0,0.0,0.0,0.0,0.0,0.0,0.0,0.0,0.0,0.0,0.0,0.0,0.0,0.0,0.0,0.0,0.0,0.0,0.0,0.0,0.0,0.0,0.0,0.0,0.0,0.0,0.0,0.0,0.0,0.0,0.0,0.0,0.0,0.0,0.0,0.0,0.0,0.0,0.0,0.0,0.0,0.0,0.0,0.0,0.0,0.0,0.0,0.0,0.0,0.0,0.0,0.0,0.0,0.0,0.0,0.0,0.0,0.0,0.0,0.0,0.0,0.0,0.0,0.0,0.0,0.0,0.0,0.0,0.0,0.0,0.0,0.0,0.0,0.0,0.0,0.0,0.0,0.0,0.0,0.0,0.0,0.0,0.0,0.0,0.0,0.0,0.0,0.0,0.0,0.0,0.0,0.0,0.0,0.0,0.0,0.0,0.0,0.0,0.0,0.0,0.0,0.0,0.0,0.0,0.0,0.0,0.0,0.0,0.0,0.0,0.0,0.0,0.0,0.0,0.0,0.0,0.0,0.0,0.0,0.0,0.0,0.0,0.0,0.0,0.0,0.0,0.0,0.0,0.0,0.0,0.0,0.0,0.0,0.0,0.0,0.0,0.0,0.0,0.0,0.0,0.0,0.0,0.0,0.0,0.0,0.0,0.0,0.0,0.0,0.0,0.0,0.0,0.0,0.0,0.0,0.0,0.0,0.0,0.0,0.0,0.0,0.0,0.0,0.0,0.0,0.0,0.0,0.0,0.0,0.0,0.0,0.0,0.0,0.0,0.0,0.0,0.0,0.0,0.0,0.0,0.0,0.0,0.0,0.0,0.0,0.0,0.0,0.0,0.0,0.0,0.0,0.0,0.0,0.0,0.0,0.0,0.0,0.0,0.0,0.0,0.0,0.0,0.0,0.0,0.0,0.0,0.0,0.0,0.0,0.0,0.0,0.0,0.0,0.0,0.0,0.0,0.0,0.0,0.0,0.0,0.0,0.0,0.0,0.0,0.0,0.0,0.0,0.0,0.0,0.0,0.0,0.0,0.0
Prostate,0.0,0.0,0.0,0.0,0.0,0.0,0.0,0.0,0.0,0.0,0.0,0.0,0.0,0.0,0.0,0.0,0.0,0.0,0.0,0.0,0.0,0.0,0.0,0.0,0.0,0.0,0.0,0.0,0.0,0.0,0.0,0.0,0.0,0.0,0.0,0.0,0.0,0.0,0.0,0.0,0.0,0.0,0.0,0.0,0.0,0.0,0.0,0.0,0.0,0.0,0.0,0.0,0.0,0.0,0.0,0.0,0.0,0.0,0.0,0.0,0.0,0.0,0.0,0.0,0.0,0.0,0.0,0.0,0.0,0.0,0.0,0.0,0.0,0.0,0.0,0.0,0.0,0.0,0.0,0.0,0.0,0.0,0.0,0.0,0.0,0.0,0.0,0.0,0.0,0.0,0.0,0.0,0.0,0.0,0.0,0.0,0.0,0.0,0.0,0.0,0.0,0.0,0.0,0.0,0.0,0.0,0.0,0.0,0.0,0.0,0.0,0.0,0.0,0.0,0.0,0.0,0.0,0.0,0.0,0.0,0.0,0.0,0.0,0.0,0.0,0.0,0.0,0.0,0.0,0.0,0.0,0.0,0.0,0.0,0.0,0.0,0.0,0.0,0.0,0.0,0.0,0.0,0.0,0.0,0.0,0.0,0.0,0.0,0.0,0.0,0.0,0.0,0.0,0.0,0.0,0.0,0.0,0.0,0.0,0.0,0.0,0.0,0.0,0.0,0.0,0.0,0.0,0.0,0.0,0.0,0.0,0.0,0.0,0.0,0.0,0.0,0.0,0.0,0.0,0.0,0.0,0.0,0.0,0.0,0.0,0.0,0.0,0.0,0.0,0.0,0.0,0.0,0.0,0.0,0.0,0.0,0.0,0.0,0.0,0.0,0.0,0.0,0.0,0.0,0.0,0.0,0.0,0.0,0.0,0.0,0.0,0.0,0.0,0.0,0.0,0.0,0.0,0.0,0.0,0.0,0.0,0.0,0.0,0.0,0.0,0.0,0.0,0.0,0.0,0.0,0.0,0.0,0.0,0.0,0.0,0.0,0.0,0.0,0.0,0.0,0.0,0.0,0.0,0.0,0.0,0.0,0.0,0.0,0.0,0.0,0.0,0.0,0.0,0.0,0.0,0.0,0.0,0.0,0.0,0.0,0.0,0.0,0.0,0.0,0.0,0.0,0.0,0.0,0.0,0.0,0.0,0.0,0.0,0.0,0.0,0.0,0.0,0.0,0.0,0.0,0.0,0.0,0.0,0.0,0.0,0.0,0.0,0.0,0.0,0.0,0.0,0.0,0.0,0.0,0.0,0.0,0.0,0.0,0.0,0.0,0.0,0.0,0.0,0.0,0.0,0.0,0.0,0.0,0.0,0.0,0.0,0.0,0.0,0.0,0.0,0.0,0.0,0.0,0.0,0.0,0.0,0.0,0.0,0.0,0.0,0.0,0.0,0.0,0.0,0.0,0.0,0.0,0.0,0.0,0.0,0.0,0.0,0.0,0.0,0.0,0.0,0.0,0.0,0.0,0.0,0.0,0.0,0.0,0.0,0.0,0.0,0.0,0.0,0.0,0.0,0.0,0.0,0.0,0.0,0.0,0.0,0.0,0.0,0.0,0.0,0.0,0.0,0.0,0.0,0.0,0.0,0.0,0.0,0.0,0.0,0.0,0.0,0.0,0.0
Rectum,0.0,0.0,0.0,0.0,0.0,0.0,0.0,0.0,0.0,0.0,0.0,0.0,0.0,0.0,0.0,0.0,0.0,0.0,0.0,0.0,0.0,0.0,0.0,0.0,0.0,0.0,0.0,0.0,0.0,0.0,0.0,0.0,0.0,0.0,0.0,0.0,0.0,0.0,0.0,0.0,0.0,0.0,0.0,0.0,0.0,0.0,0.0,0.0,0.0,0.0,0.0,0.0,0.0,0.0,0.0,0.0,0.0,0.0,0.0,0.0,0.0,0.0,0.0,0.0,0.0,0.0,0.0,0.0,0.0,0.0,0.0,0.0,0.0,0.0,0.0,0.0,0.0,0.0,0.0,0.0,0.0,0.0,0.0,0.0,0.0,0.0,0.0,0.0,0.0,0.0,0.0,0.0,0.0,0.0,0.0,0.0,0.0,0.0,0.0,0.0,0.0,0.0,0.0,0.0,0.0,0.0,0.0,0.0,0.0,0.0,0.0,0.0,0.0,0.0,0.0,0.0,0.0,0.0,0.0,0.0,0.0,0.0,0.0,0.0,0.0,0.0,0.0,0.0,0.0,0.0,0.0,0.0,0.0,0.0,0.0,0.0,0.0,0.0,0.0,0.0,0.0,0.0,0.0,0.0,0.0,0.0,0.0,0.0,0.0,0.0,0.0,0.0,0.0,0.0,0.0,0.0,0.0,0.0,0.0,0.0,0.0,0.0,0.0,0.0,0.0,0.0,0.0,0.0,0.0,0.0,0.0,0.0,0.0,0.0,0.0,0.0,0.0,0.0,0.0,0.0,0.0,0.0,0.0,0.0,0.0,0.0,0.0,0.0,0.0,0.0,0.0,0.0,0.0,0.0,0.0,0.0,0.0,0.0,0.0,0.0,0.0,0.0,0.0,0.0,0.0,0.0,0.0,0.0,0.0,0.0,0.0,0.0,0.0,0.0,0.0,0.0,0.0,0.0,0.0,0.0,0.0,0.0,0.0,0.0,0.0,0.0,0.0,0.0,0.0,0.0,0.0,0.0,0.0,0.0,0.0,0.0,0.0,0.0,0.0,0.0,0.0,0.0,0.0,0.0,0.0,0.0,0.0,0.0,0.0,0.0,0.0,0.0,0.0,0.0,0.0,0.0,0.0,0.0,0.0,0.0,0.0,0.0,0.0,0.0,0.0,0.0,0.0,0.0,0.0,0.0,0.0,0.0,0.0,0.0,0.0,0.0,0.0,0.0,0.0,0.0,0.0,0.0,0.0,0.0,0.0,0.0,0.0,0.0,0.0,0.0,0.0,0.0,0.0,0.0,0.0,0.0,0.0,0.0,0.0,0.0,0.0,0.0,0.0,0.0,0.0,0.0,0.0,0.0,0.0,0.0,0.0,0.0,0.0,0.0,0.0,0.0,0.0,0.0,0.0,0.0,0.0,0.0,0.0,0.0,0.0,0.0,0.0,0.0,0.0,0.0,0.0,0.0,0.0,0.0,0.0,0.0,0.0,0.0,0.0,0.0,0.0,0.0,0.0,0.0,0.0,0.0,0.0,0.0,0.0,0.0,0.0,0.0,0.0,0.0,0.0,0.0,0.0,0.0,0.0,0.0,0.0,0.0,0.0,0.0,0.0,0.0,0.0,0.0,0.0,0.0,0.0,0.0,0.0,0.0,0.0,0.0,0.0,0.0,0.0
Salivary gland,0.0,0.0,0.0,0.0,0.0,0.0,0.0,0.0,0.0,0.0,0.0,0.0,0.0,0.0,0.0,0.0,0.0,0.0,0.0,0.0,0.0,0.0,0.0,0.0,0.0,0.0,0.0,0.0,0.0,0.0,0.0,0.0,0.0,0.0,0.0,0.0,0.0,0.0,0.0,0.0,0.0,0.0,0.0,0.0,0.0,0.0,0.0,0.0,0.0,0.0,0.0,0.0,0.0,0.0,0.0,0.0,0.0,0.0,0.0,0.0,0.0,0.0,0.0,0.0,0.0,0.0,0.0,0.0,0.0,0.0,0.0,0.0,0.0,0.0,0.0,0.0,0.0,0.0,0.0,0.0,0.0,0.0,0.0,0.0,0.0,0.0,0.0,0.0,0.0,0.0,0.0,0.0,0.0,0.0,0.0,0.0,0.0,0.0,0.0,0.0,0.0,0.0,0.0,0.0,0.0,0.0,0.0,0.0,0.0,0.0,0.0,0.0,0.0,0.0,0.0,0.0,0.0,0.0,0.0,0.0,0.0,0.0,0.0,0.0,0.0,0.0,0.0,0.0,0.0,0.0,0.0,0.0,0.0,0.0,0.0,0.0,0.0,0.0,0.0,0.0,0.0,0.0,0.0,0.0,0.0,0.0,0.0,0.0,0.0,0.0,0.0,0.0,0.0,0.0,0.0,0.0,0.0,0.0,0.0,0.0,0.0,0.0,0.0,0.0,0.0,0.0,0.0,0.0,0.0,0.0,0.0,0.0,0.0,0.0,0.0,0.0,0.0,0.0,0.0,0.0,0.0,0.0,0.0,0.0,0.0,0.0,0.0,0.0,0.0,0.0,0.0,0.0,0.0,0.0,0.0,0.0,0.0,0.0,0.0,0.0,0.0,0.0,0.0,0.0,0.0,0.0,0.0,0.0,0.0,0.0,0.0,0.0,0.0,0.0,0.0,0.0,0.0,0.0,0.0,0.0,0.0,0.0,0.0,0.0,0.0,0.0,0.0,0.0,0.0,0.0,0.0,0.0,0.0,0.0,0.0,0.0,0.0,0.0,0.0,0.0,0.0,0.0,0.0,0.0,0.0,0.0,0.0,0.0,0.0,0.0,0.0,0.0,0.0,0.0,0.0,0.0,0.0,0.0,0.0,0.0,0.0,0.0,0.0,0.0,0.0,0.0,0.0,0.0,0.0,0.0,0.0,0.0,0.0,0.0,0.0,0.0,0.0,0.0,0.0,0.0,0.0,0.0,0.0,0.0,0.0,0.0,0.0,0.0,0.0,0.0,0.0,0.0,0.0,0.0,0.0,0.0,0.0,0.0,0.0,0.0,0.0,0.0,0.0,0.0,0.0,0.0,0.0,0.0,0.0,0.0,0.0,0.0,0.0,0.0,0.0,0.0,0.0,0.0,0.0,0.0,0.0,0.0,0.0,0.0,0.0,0.0,0.0,0.0,0.0,0.0,0.0,0.0,0.0,0.0,0.0,0.0,0.0,0.0,0.0,0.0,0.0,0.0,0.0,0.0,0.0,0.0,0.0,0.0,0.0,0.0,0.0,0.0,0.0,0.0,0.0,0.0,0.0,0.0,0.0,0.0,0.0,0.0,0.0,0.0,0.0,0.0,0.0,0.0,0.0,0.0,0.0,0.0,0.0,0.0,0.0,0.0,0.0,0.0,0.0
Skeletal muscle,0.0,0.0,0.0,0.0,0.0,0.0,0.0,0.0,0.0,0.0,0.0,0.0,0.0,0.0,0.0,0.0,0.0,0.0,0.0,0.0,0.0,0.0,0.0,0.0,0.0,0.0,0.0,0.0,0.0,0.0,0.0,0.0,0.0,0.0,0.0,0.0,0.0,0.0,0.0,0.0,0.0,0.0,0.0,0.0,0.0,0.0,0.0,0.0,0.0,0.0,0.0,0.0,0.0,0.0,0.0,0.0,0.0,0.0,0.0,0.0,0.0,0.0,0.0,0.0,0.0,0.0,0.0,0.0,0.0,0.0,0.0,0.0,0.0,0.0,0.0,0.0,0.0,0.0,0.0,0.0,0.0,0.0,0.0,0.0,0.0,0.0,0.0,0.0,0.0,0.0,0.0,0.0,0.0,0.0,0.0,0.0,0.0,0.0,0.0,0.0,0.0,0.0,0.0,0.0,0.0,0.0,0.0,0.0,0.0,0.0,0.0,0.0,0.0,0.0,0.0,0.0,0.0,0.0,0.0,0.0,0.0,0.0,0.0,0.0,0.0,0.0,0.0,0.0,0.0,0.0,0.0,0.0,0.0,0.0,0.0,0.0,0.0,0.0,0.0,0.0,0.0,0.0,0.0,0.0,0.0,0.0,0.0,0.0,0.0,0.0,0.0,0.0,0.0,0.0,0.0,0.0,0.0,0.0,0.0,0.0,0.0,0.0,0.0,0.0,0.0,0.0,0.0,0.0,0.0,0.0,0.0,0.0,0.0,0.0,0.0,0.0,0.0,0.0,0.0,0.0,0.0,0.0,0.0,0.0,0.0,0.0,0.0,0.0,0.0,0.0,0.0,0.0,0.0,0.0,0.0,0.0,0.0,0.0,0.0,0.0,0.0,0.0,0.0,0.0,0.0,0.0,0.0,0.0,0.0,0.0,0.0,0.0,0.0,0.0,0.0,0.0,0.0,0.0,0.0,0.0,0.0,0.0,0.0,0.0,0.0,0.0,0.0,0.0,0.0,0.0,0.0,0.0,0.0,0.0,0.0,0.0,0.0,0.0,0.0,0.0,0.0,0.0,0.0,0.0,0.0,0.0,0.0,0.0,0.0,0.0,0.0,0.0,0.0,0.0,0.0,0.0,0.0,0.0,0.0,0.0,0.0,0.0,0.0,0.0,0.0,0.0,0.0,0.0,0.0,0.0,0.0,0.0,0.0,0.0,0.0,0.0,0.0,0.0,0.0,0.0,0.0,0.0,0.0,0.0,0.0,0.0,0.0,0.0,0.0,0.0,0.0,0.0,0.0,0.0,0.0,0.0,0.0,0.0,0.0,0.0,0.0,0.0,0.0,0.0,0.0,0.0,0.0,0.0,0.0,0.0,0.0,0.0,0.0,0.0,0.0,0.0,0.0,0.0,0.0,0.0,0.0,0.0,0.0,0.0,0.0,0.0,0.0,0.0,0.0,0.0,0.0,0.0,0.0,0.0,0.0,0.0,0.0,0.0,0.0,0.0,0.0,0.0,0.0,0.0,0.0,0.0,0.0,0.0,0.0,0.0,0.0,0.0,0.0,0.0,0.0,0.0,0.0,0.0,0.0,0.0,0.0,0.0,0.0,0.0,0.0,0.0,0.0,0.0,0.0,0.0,0.0,0.0,0.0,0.0,0.0,0.0,0.0,0.0,0.0
Small intestine,0.0,0.0,0.0,0.0,0.0,0.0,0.0,0.0,0.0,0.0,0.0,0.0,0.0,0.0,0.0,0.0,0.0,0.0,0.0,0.0,0.0,0.0,0.0,0.0,0.0,0.0,0.0,0.0,0.0,0.0,0.0,0.0,0.0,0.0,0.0,0.0,0.0,0.0,0.0,0.0,0.0,0.0,0.0,0.0,0.0,0.0,0.0,0.0,0.0,0.0,0.0,0.0,0.0,0.0,0.0,0.0,0.0,0.0,0.0,0.0,0.0,0.0,0.0,0.0,0.0,0.0,0.0,0.0,0.0,0.0,0.0,0.0,0.0,0.0,0.0,0.0,0.0,0.0,0.0,0.0,0.0,0.0,0.0,0.0,0.0,0.0,0.0,0.0,0.0,0.0,0.0,0.0,0.0,0.0,0.0,0.0,0.0,0.0,0.0,0.0,0.0,0.0,0.0,0.0,0.0,0.0,0.0,0.0,0.0,0.0,0.0,0.0,0.0,0.0,0.0,0.0,0.0,0.0,0.0,0.0,0.0,0.0,0.0,0.0,0.0,0.0,0.0,0.0,0.0,0.0,0.0,0.0,0.0,0.0,0.0,0.0,0.0,0.0,0.0,0.0,0.0,0.0,0.0,0.0,0.0,0.0,0.0,0.0,0.0,0.0,0.0,0.0,0.0,0.0,0.0,0.0,0.0,0.0,0.0,0.0,0.0,0.0,0.0,0.0,0.0,0.0,0.0,0.0,0.0,0.0,0.0,0.0,0.0,0.0,0.0,0.0,0.0,0.0,0.0,0.0,0.0,0.0,0.0,0.0,0.0,0.0,0.0,0.0,0.0,0.0,0.0,0.0,0.0,0.0,0.0,0.0,0.0,0.0,0.0,0.0,0.0,0.0,0.0,0.0,0.0,0.0,0.0,0.0,0.0,0.0,0.0,0.0,0.0,0.0,0.0,0.0,0.0,0.0,0.0,0.0,0.0,0.0,0.0,0.0,0.0,0.0,0.0,0.0,0.0,0.0,0.0,0.0,0.0,0.0,0.0,0.0,0.0,0.0,0.0,0.0,0.0,0.0,0.0,0.0,0.0,0.0,0.0,0.0,0.0,0.0,0.0,0.0,0.0,0.0,0.0,0.0,0.0,0.0,0.0,0.0,0.0,0.0,0.0,0.0,0.0,0.0,0.0,0.0,0.0,0.0,0.0,0.0,0.0,0.0,0.0,0.0,0.0,0.0,0.0,0.0,0.0,0.0,0.0,0.0,0.0,0.0,0.0,0.0,0.0,0.0,0.0,0.0,0.0,0.0,0.0,0.0,0.0,0.0,0.0,0.0,0.0,0.0,0.0,0.0,0.0,0.0,0.0,0.0,0.0,0.0,0.0,0.0,0.0,0.0,0.0,0.0,0.0,0.0,0.0,0.0,0.0,0.0,0.0,0.0,0.0,0.0,0.0,0.0,0.0,0.0,0.0,0.0,0.0,0.0,0.0,0.0,0.0,0.0,0.0,0.0,0.0,0.0,0.0,0.0,0.0,0.0,0.0,0.0,0.0,0.0,0.0,0.0,0.0,0.0,0.0,0.0,0.0,0.0,0.0,0.0,0.0,0.0,0.0,0.0,0.0,0.0,0.0,0.0,0.0,0.0,0.0,0.0,0.0,0.0,0.0,0.0,0.0,0.0,0.0
Smooth muscle,0.0,0.0,0.0,0.0,0.0,0.0,0.0,0.0,0.0,0.0,0.0,0.0,0.0,0.0,0.0,0.0,0.0,0.0,0.0,0.0,0.0,0.0,0.0,0.0,0.0,0.0,0.0,0.0,0.0,0.0,0.0,0.0,0.0,0.0,0.0,0.0,0.0,0.0,0.0,0.0,0.0,0.0,0.0,0.0,0.0,0.0,0.0,0.0,0.0,0.0,0.0,0.0,0.0,0.0,0.0,0.0,0.0,0.0,0.0,0.0,0.0,0.0,0.0,0.0,0.0,0.0,0.0,0.0,0.0,0.0,0.0,0.0,0.0,0.0,0.0,0.0,0.0,0.0,0.0,0.0,0.0,0.0,0.0,0.0,0.0,0.0,0.0,0.0,0.0,0.0,0.0,0.0,0.0,0.0,0.0,0.0,0.0,0.0,0.0,0.0,0.0,0.0,0.0,0.0,0.0,0.0,0.0,0.0,0.0,0.0,0.0,0.0,0.0,0.0,0.0,0.0,0.0,0.0,0.0,0.0,0.0,0.0,0.0,0.0,0.0,0.0,0.0,0.0,0.0,0.0,0.0,0.0,0.0,0.0,0.0,0.0,0.0,0.0,0.0,0.0,0.0,0.0,0.0,0.0,0.0,0.0,0.0,0.0,0.0,0.0,0.0,0.0,0.0,0.0,0.0,0.0,0.0,0.0,0.0,0.0,0.0,0.0,0.0,0.0,0.0,0.0,0.0,0.0,0.0,0.0,0.0,0.0,0.0,0.0,0.0,0.0,0.0,0.0,0.0,0.0,0.0,0.0,0.0,0.0,0.0,0.0,0.0,0.0,0.0,0.0,0.0,0.0,0.0,0.0,0.0,0.0,0.0,0.0,0.0,0.0,0.0,0.0,0.0,0.0,0.0,0.0,0.0,0.0,0.0,0.0,0.0,0.0,0.0,0.0,0.0,0.0,0.0,0.0,0.0,0.0,0.0,0.0,0.0,0.0,0.0,0.0,0.0,0.0,0.0,0.0,0.0,0.0,0.0,0.0,0.0,0.0,0.0,0.0,0.0,0.0,0.0,0.0,0.0,0.0,0.0,0.0,0.0,0.0,0.0,0.0,0.0,0.0,0.0,0.0,0.0,0.0,0.0,0.0,0.0,0.0,0.0,0.0,0.0,0.0,0.0,0.0,0.0,0.0,0.0,0.0,0.0,0.0,0.0,0.0,0.0,0.0,0.0,0.0,0.0,0.0,0.0,0.0,0.0,0.0,0.0,0.0,0.0,0.0,0.0,0.0,0.0,0.0,0.0,0.0,0.0,0.0,0.0,0.0,0.0,0.0,0.0,0.0,0.0,0.0,0.0,0.0,0.0,0.0,0.0,0.0,0.0,0.0,0.0,0.0,0.0,0.0,0.0,0.0,0.0,0.0,0.0,0.0,0.0,0.0,0.0,0.0,0.0,0.0,0.0,0.0,0.0,0.0,0.0,0.0,0.0,0.0,0.0,0.0,0.0,0.0,0.0,0.0,0.0,0.0,0.0,0.0,0.0,0.0,0.0,0.0,0.0,0.0,0.0,0.0,0.0,0.0,0.0,0.0,0.0,0.0,0.0,0.0,0.0,0.0,0.0,0.0,0.0,0.0,0.0,0.0,0.0,0.0,0.0,0.0,0.0,0.0,0.0,0.0,0.0
Spleen,0.0,0.0,0.0,0.0,0.0,0.0,0.0,0.0,0.0,0.0,0.0,0.0,0.0,0.0,0.0,0.0,0.0,0.0,0.0,0.0,0.0,0.0,0.0,0.0,0.0,0.0,0.0,0.0,0.0,0.0,0.0,0.0,0.0,0.0,0.0,0.0,0.0,0.0,0.0,0.0,0.0,0.0,0.0,0.0,0.0,0.0,0.0,0.0,0.0,0.0,0.0,0.0,0.0,0.0,0.0,0.0,0.0,0.0,0.0,0.0,0.0,0.0,0.0,0.0,0.0,0.0,0.0,0.0,0.0,0.0,0.0,0.0,0.0,0.0,0.0,0.0,0.0,0.0,0.0,0.0,0.0,0.0,0.0,0.0,0.0,0.0,0.0,0.0,0.0,0.0,0.0,0.0,0.0,0.0,0.0,0.0,0.0,0.0,0.0,0.0,0.0,0.0,0.0,0.0,0.0,0.0,0.0,0.0,0.0,0.0,0.0,0.0,0.0,0.0,0.0,0.0,0.0,0.0,0.0,0.0,0.0,0.0,0.0,0.0,0.0,0.0,0.0,0.0,0.0,0.0,0.0,0.0,0.0,0.0,0.0,0.0,0.0,0.0,0.0,0.0,0.0,0.0,0.0,0.0,0.0,0.0,0.0,0.0,0.0,0.0,0.0,0.0,0.0,0.0,0.0,0.0,0.0,0.0,0.0,0.0,0.0,0.0,0.0,0.0,0.0,0.0,0.0,0.0,0.0,0.0,0.0,0.0,0.0,0.0,0.0,0.0,0.0,0.0,0.0,0.0,0.0,0.0,0.0,0.0,0.0,0.0,0.0,0.0,0.0,0.0,0.0,0.0,0.0,0.0,0.0,0.0,0.0,0.0,0.0,0.0,0.0,0.0,0.0,0.0,0.0,0.0,0.0,0.0,0.0,0.0,0.0,0.0,0.0,0.0,0.0,0.0,0.0,0.0,0.0,0.0,0.0,0.0,0.0,0.0,0.0,0.0,0.0,0.0,0.0,0.0,0.0,0.0,0.0,0.0,0.0,0.0,0.0,0.0,0.0,0.0,0.0,0.0,0.0,0.0,0.0,0.0,0.0,0.0,0.0,0.0,0.0,0.0,0.0,0.0,0.0,0.0,0.0,0.0,0.0,0.0,0.0,0.0,0.0,0.0,0.0,0.0,0.0,0.0,0.0,0.0,0.0,0.0,0.0,0.0,0.0,0.0,0.0,0.0,0.0,0.0,0.0,0.0,0.0,0.0,0.0,0.0,0.0,0.0,0.0,0.0,0.0,0.0,0.0,0.0,0.0,0.0,0.0,0.0,0.0,0.0,0.0,0.0,0.0,0.0,0.0,0.0,0.0,0.0,0.0,0.0,0.0,0.0,0.0,0.0,0.0,0.0,0.0,0.0,0.0,0.0,0.0,0.0,0.0,0.0,0.0,0.0,0.0,0.0,0.0,0.0,0.0,0.0,0.0,0.0,0.0,0.0,0.0,0.0,0.0,0.0,0.0,0.0,0.0,0.0,0.0,0.0,0.0,0.0,0.0,0.0,0.0,0.0,0.0,0.0,0.0,0.0,0.0,0.0,0.0,0.0,0.0,0.0,0.0,0.0,0.0,0.0,0.0,0.0,0.0,0.0,0.0,0.0,0.0,0.0,0.0,0.0,0.0,0.0,0.0
Stomach,0.0,0.0,0.0,0.0,0.0,0.0,0.0,0.0,0.0,0.0,0.0,0.0,0.0,0.0,0.0,0.0,0.0,0.0,0.0,0.0,0.0,0.0,0.0,0.0,0.0,0.0,0.0,0.0,0.0,0.0,0.0,0.0,0.0,0.0,0.0,0.0,0.0,0.0,0.0,0.0,0.0,0.0,0.0,0.0,0.0,0.0,0.0,0.0,0.0,0.0,0.0,0.0,0.0,0.0,0.0,0.0,0.0,0.0,0.0,0.0,0.0,0.0,0.0,0.0,0.0,0.0,0.0,0.0,0.0,0.0,0.0,0.0,0.0,0.0,0.0,0.0,0.0,0.0,0.0,0.0,0.0,0.0,0.0,0.0,0.0,0.0,0.0,0.0,0.0,0.0,0.0,0.0,0.0,0.0,0.0,0.0,0.0,0.0,0.0,0.0,0.0,0.0,0.0,0.0,0.0,0.0,0.0,0.0,0.0,0.0,0.0,0.0,0.0,0.0,0.0,0.0,0.0,0.0,0.0,0.0,0.0,0.0,0.0,0.0,0.0,0.0,0.0,0.0,0.0,0.0,0.0,0.0,0.0,0.0,0.0,0.0,0.0,0.0,0.0,0.0,0.0,0.0,0.0,0.0,0.0,0.0,0.0,0.0,0.0,0.0,0.0,0.0,0.0,0.0,0.0,0.0,0.0,0.0,0.0,0.0,0.0,0.0,0.0,0.0,0.0,0.0,0.0,0.0,0.0,0.0,0.0,0.0,0.0,0.0,0.0,0.0,0.0,0.0,0.0,0.0,0.0,0.0,0.0,0.0,0.0,0.0,0.0,0.0,0.0,0.0,0.0,0.0,0.0,0.0,0.0,0.0,0.0,0.0,0.0,0.0,0.0,0.0,0.0,0.0,0.0,0.0,0.0,0.0,0.0,0.0,0.0,0.0,0.0,0.0,0.0,0.0,0.0,0.0,0.0,0.0,0.0,0.0,0.0,0.0,0.0,0.0,0.0,0.0,0.0,0.0,0.0,0.0,0.0,0.0,0.0,0.0,0.0,0.0,0.0,0.0,0.0,0.0,0.0,0.0,0.0,0.0,0.0,0.0,0.0,0.0,0.0,0.0,0.0,0.0,0.0,0.0,0.0,0.0,0.0,0.0,0.0,0.0,0.0,0.0,0.0,0.0,0.0,0.0,0.0,0.0,0.0,0.0,0.0,0.0,0.0,0.0,0.0,0.0,0.0,0.0,0.0,0.0,0.0,0.0,0.0,0.0,0.0,0.0,0.0,0.0,0.0,0.0,0.0,0.0,0.0,0.0,0.0,0.0,0.0,0.0,0.0,0.0,0.0,0.0,0.0,0.0,0.0,0.0,0.0,0.0,0.0,0.0,0.0,0.0,0.0,0.0,0.0,0.0,0.0,0.0,0.0,0.0,0.0,0.0,0.0,0.0,0.0,0.0,0.0,0.0,0.0,0.0,0.0,0.0,0.0,0.0,0.0,0.0,0.0,0.0,0.0,0.0,0.0,0.0,0.0,0.0,0.0,0.0,0.0,0.0,0.0,0.0,0.0,0.0,0.0,0.0,0.0,0.0,0.0,0.0,0.0,0.0,0.0,0.0,0.0,0.0,0.0,0.0,0.0,0.0,0.0,0.0,0.0,0.0,0.0,0.0,0.0,0.0,0.0
Testis,0.05179115376512196,0.03742107075261029,0.14385704613552008,0.09609599274562027,0.19365621836368285,0.13800766926307234,0.1640407886693063,0.12701188403948374,0.16073417083945685,0.05743616184925628,0.17315806473523532,0.16177773499050258,0.1624647486624785,0.23541822983959676,0.19684266378804033,0.261073184297944,0.18014916060160935,0.08413706712248963,0.08716878981827426,0.06571518477155339,0.2685041792863805,0.0637284354329094,0.15064195108019113,0.20183252776852623,0.1526347463829435,0.16807254307353875,0.10974567434994197,0.1475473311522369,0.12381527718521546,0.16003890902608978,0.13543510495581237,0.20183228798411845,0.23793433219387516,0.20406726814533652,0.1250605472329332,0.15528230492089465,0.20910732056985104,0.1217302038552118,0.15731726890864434,0.10602504572072095,0.19150949311603377,0.19405189690058994,0.20603424326786318,0.14959600701813214,0.2960441965140518,0.12058632965067687,0.19906418729359188,0.025061106266117822,0.10169749889297874,0.150818760903048,0.18160403296539623,0.20341193646930028,0.19098528837859016,0.0715761291467514,0.10933883864547325,0.14037707384663833,0.10675620131222177,0.10517196520536537,0.2518032153473763,0.15441351803349948,0.19669561680236392,0.0953217794652474,0.2119833887849062,0.191685874606075,0.028973659069773863,0.12511913375090838,0.03513051543303596,0.2076476614624129,0.1397369386528318,0.11343610718600465,0.21349377135434122,0.1746575917176402,0.0871494153684644,0.14842733581832485,0.05383079534943795,0.2000628979604379,0.13488927732665568,0.038953513723508346,0.2135386390773277,0.13332481579508088,0.14166142019195588,0.17472606520499134,0.32229019090962174,0.1913040512424503,0.2546289705883354,0.14955037270958765,0.14007911831724698,0.13309195191717288,0.22075915730734905,0.16117319802407082,0.244381875199703,0.10821361539669469,0.22042138160687072,0.26197588382283415,0.10917676916056482,0.17540039388937154,0.23527095219692584,0.09029473983723191,0.17589057619112894,0.15401248261131234,0.24368676380486642,0.11950426018612423,0.283085180094553,0.20885197391122587,0.203866611535769,0.15169339665939569,0.21003788545845292,0.2793333487978724,0.18392206036652445,0.1646704885304304,0.16188602363943003,0.23080348226881012,0.210848799969948,0.09771294776939721,0.22701974295798527,0.30959299829850817,0.21107281312998624,0.19849615519460556,0.2375493376314458,0.15948037046395827,0.22045547897595658,0.17787214674876747,0.09594767916784264,0.10876393095333278,0.17149781347519966,0.16075809321361703,0.14344087092006907,0.0723372586131978,0.06728834086400821,0.02274810739913288,0.09521257227960181,0.07935627645000606,0.244795826144178,0.10998850525479564,0.11300649803204096,0.038512876622063555,0.10916046103075443,0.135427699200454,0.1209427845780983,0.043766250928350264,0.07057863362803751,0.12502587305001478,0.10042950285721336,0.04011554049212143,0.25161426573384726,0.02361241059356364,0.19394487873599506,0.1850685750918128,0.196223476852102,0.12480599507365919,0.09668440623052327,0.21354956871874928,0.07986682007934279,0.03342034209408023,0.10030769593189506,0.1901845474267599,0.09141958786785988,0.13375969569268908,0.1666459220037428,0.21153113737179946,0.06179264133771034,0.09210645343021256,0.17155075340530257,0.02226872375240515,0.31834459029765305,0.12524119744557177,0.03080332627839258,0.17668153407808693,0.047613083563479215,0.048562070215559625,0.0985335569190655,0.05130178652784568,0.1006997979427951,0.08225563366609023,0.1052724762249796,0.12763912502926272,0.05953451948222559,0.24641569649766473,0.12485665241465582,0.20594772107145254,0.1843434540925616,0.11285237364204664,0.22205401175549289,0.02125414973082547,0.04399255917668059,0.1230961407093558,0.11562689564051787,0.16874421052871522,0.22755574125163927,0.18390423048311177,0.13933836600586924,0.22020636001749297,0.15946107357945002,0.17751876337130343,0.15448521505498336,0.026658550536657357,0.18638971326436438,0.14815366334558722,0.19302194684522897,0.10251938033740177,0.12897112290268525,0.1706328838079642,0.16476266801812436,0.20669988768314923,0.22696130643688742,0.13928481903817802,0.03675746917540603,0.22730235178154432,0.20068050751267297,0.1296416870086807,0.14321252944591373,0.1765121015513298,0.1680134062877871,0.19822641509703742,0.1370100380454254,0.16882435620441494,0.23533471236704917,0.11697808936789938,0.1915760500359898,0.15785383644726075,0.021926214791758266,0.032837913902801406,0.10007341990255919,0.17933590585993203,0.19457560847724514,0.15629957372631073,0.09382059611331346,0.1582727383609611,0.08590329534027644,0.12778738531395423,0.11992669168711212,0.15723202761576746,0.1563652759985577,0.09489240712155739,0.16698103003925813,0.15906907322921812,0.12865337641280403,0.051865644748471176,0.19251940476220886,0.16942919333018566,0.08541807814457433,0.14640472147106032,0.1031408286784612,0.23769388674909375,0.07426438307911909,0.038279080518883304,0.15532315111027056,0.17846948568367818,0.10274779866936368,0.06705783001356387,0.11564838913918826,0.16473212223192724,0.17799501127649026,0.2705748369932983,0.20820098161270645,0.15746999608343648,0.19119162539692836,0.13643950356958423,0.1563414079308843,0.15202251290759045,0.24133562274530942,0.194929681728769,0.04255279151226814,0.03849126580639904,0.2699111848933116,0.01804473302386658,0.1899135498027638,0.14738869602293878,0.1738456719119406,0.16032687260657225,0.1945532153797573,0.08688182745449594,0.042302841277369344,0.1401808117717911,0.1510243299094589,0.11973906811433596,0.25525278072511726,0.10887920763501513,0.14347107941610224,0.1324761597594509,0.18259042816644816,0.15498864100053308,0.12757863153825957,0.04321892917667099,0.13543617142480863,0.09364629707471189,0.18307648967022472,0.18277692839338727,0.17951272747412989,0.20660830069278846,0.051572222902355844,0.15459720420174977,0.12210057933402522,0.059456928672285234,0.19625454757172978,0.23327370317445767,0.2150272998505779,0.22743601313089246,0.2322811375445144,0.19470743626190623,0.19733315640723945,0.17403724517574162,0.20427723486938013,0.1398093240539327,0.15213133178850866,0.17483494225400964,0.054296733630175356,0.11830916660563662,0.09774961406165222,0.18202760239977817,0.21851659091832587,0.196911401271389,0.15154313833644073,0.22381010752739167,0.23770828608474195,0.2805277533961002,0.1428810023437727,0.1632838799551336,0.18532847923307783,0.12412776137803934,0.052934247376548525,0.023114818527748368,0.18260322511057095,0.24919202330025236,0.10722708144564895,0.17482299102587245,0.1143917752435583,0.20598217111932826,0.22221714456297367,0.2305738140223666,0.22204446765694985,0.23299705774800378,0.17289143060478,0.22921169205803194,0.30588707183199604,0.22885882209499703,0.13094508876815011,0.21446469683494102,0.2279085733852703,0.20281640308607568,0.2066552094758452,0.2077954807535496,0.27455636785618354,0.15197868777970192,0.256791279060377,0.04010980004978285,0.2373207864329095,0.16867737247769998,0.23160085422828552,0.23353988556662858,0.26515113575699867,0.20869137095617157,0.19255007537933352,0.029393770539021997,0.18147694617098575,0.1471919203267524,0.14193201249011694,0.19533505495111103,0.20243663682088864,0.2007227022933729,0.2492123335906528,0.19629385847104303,0.21754294248182193,0.2211053665303389,0.1715472906529088,0.2179529935618036,0.3258990948383638,0.2573720155025918,0.23346789659949935,0.301807752871013,0.18111797720465472,0.04795420871824927,0.09186323795876285,0.24789717876114323,0.19922753963864595,0.301033388948837,0.1684289048005293,0.20180015850210817,0.1733593368966555
Thyroid,0.0,0.0,0.0,0.0,0.0,0.0,0.0,0.0,0.0,0.0,0.0,0.0,0.0,0.0,0.0,0.0,0.0,0.0,0.0,0.0,0.0,0.0,0.0,0.0,0.0,0.0,0.0,0.0,0.0,0.0,0.0,0.0,0.0,0.0,0.0,0.0,0.0,0.0,0.0,0.0,0.0,0.0,0.0,0.0,0.0,0.0,0.0,0.0,0.0,0.0,0.0,0.0,0.0,0.0,0.0,0.0,0.0,0.0,0.0,0.0,0.0,0.0,0.0,0.0,0.0,0.0,0.0,0.0,0.0,0.0,0.0,0.0,0.0,0.0,0.0,0.0,0.0,0.0,0.0,0.0,0.0,0.0,0.0,0.0,0.0,0.0,0.0,0.0,0.0,0.0,0.0,0.0,0.0,0.0,0.0,0.0,0.0,0.0,0.0,0.0,0.0,0.0,0.0,0.0,0.0,0.0,0.0,0.0,0.0,0.0,0.0,0.0,0.0,0.0,0.0,0.0,0.0,0.0,0.0,0.0,0.0,0.0,0.0,0.0,0.0,0.0,0.0,0.0,0.0,0.0,0.0,0.0,0.0,0.0,0.0,0.0,0.0,0.0,0.0,0.0,0.0,0.0,0.0,0.0,0.0,0.0,0.0,0.0,0.0,0.0,0.0,0.0,0.0,0.0,0.0,0.0,0.0,0.0,0.0,0.0,0.0,0.0,0.0,0.0,0.0,0.0,0.0,0.0,0.0,0.0,0.0,0.0,0.0,0.0,0.0,0.0,0.0,0.0,0.0,0.0,0.0,0.0,0.0,0.0,0.0,0.0,0.0,0.0,0.0,0.0,0.0,0.0,0.0,0.0,0.0,0.0,0.0,0.0,0.0,0.0,0.0,0.0,0.0,0.0,0.0,0.0,0.0,0.0,0.0,0.0,0.0,0.0,0.0,0.0,0.0,0.0,0.0,0.0,0.0,0.0,0.0,0.0,0.0,0.0,0.0,0.0,0.0,0.0,0.0,0.0,0.0,0.0,0.0,0.0,0.0,0.0,0.0,0.0,0.0,0.0,0.0,0.0,0.0,0.0,0.0,0.0,0.0,0.0,0.0,0.0,0.0,0.0,0.0,0.0,0.0,0.0,0.0,0.0,0.0,0.0,0.0,0.0,0.0,0.0,0.0,0.0,0.0,0.0,0.0,0.0,0.0,0.0,0.0,0.0,0.0,0.0,0.0,0.0,0.0,0.0,0.0,0.0,0.0,0.0,0.0,0.0,0.0,0.0,0.0,0.0,0.0,0.0,0.0,0.0,0.0,0.0,0.0,0.0,0.0,0.0,0.0,0.0,0.0,0.0,0.0,0.0,0.0,0.0,0.0,0.0,0.0,0.0,0.0,0.0,0.0,0.0,0.0,0.0,0.0,0.0,0.0,0.0,0.0,0.0,0.0,0.0,0.0,0.0,0.0,0.0,0.0,0.0,0.0,0.0,0.0,0.0,0.0,0.0,0.0,0.0,0.0,0.0,0.0,0.0,0.0,0.0,0.0,0.0,0.0,0.0,0.0,0.0,0.0,0.0,0.0,0.0,0.0,0.0,0.0,0.0,0.0,0.0,0.0,0.0,0.0,0.0,0.0,0.0,0.0,0.0,0.0,0.0,0.0,0.0,0.0,0.0,0.0,0.0,0.0
Tonsil,0.0,0.0,0.0,0.0,0.0,0.0,0.0,0.0,0.0,0.0,0.0,0.0,0.0,0.0,0.0,0.0,0.0,0.0,0.0,0.0,0.0,0.0,0.0,0.0,0.0,0.0,0.0,0.0,0.0,0.0,0.0,0.0,0.0,0.0,0.0,0.0,0.0,0.0,0.0,0.0,0.0,0.0,0.0,0.0,0.0,0.0,0.0,0.0,0.0,0.0,0.0,0.0,0.0,0.0,0.0,0.0,0.0,0.0,0.0,0.0,0.0,0.0,0.0,0.0,0.0,0.0,0.0,0.0,0.0,0.0,0.0,0.0,0.0,0.0,0.0,0.0,0.0,0.0,0.0,0.0,0.0,0.0,0.0,0.0,0.0,0.0,0.0,0.0,0.0,0.0,0.0,0.0,0.0,0.0,0.0,0.0,0.0,0.0,0.0,0.0,0.0,0.0,0.0,0.0,0.0,0.0,0.0,0.0,0.0,0.0,0.0,0.0,0.0,0.0,0.0,0.0,0.0,0.0,0.0,0.0,0.0,0.0,0.0,0.0,0.0,0.0,0.0,0.0,0.0,0.0,0.0,0.0,0.0,0.0,0.0,0.0,0.0,0.0,0.0,0.0,0.0,0.0,0.0,0.0,0.0,0.0,0.0,0.0,0.0,0.0,0.0,0.0,0.0,0.0,0.0,0.0,0.0,0.0,0.0,0.0,0.0,0.0,0.0,0.0,0.0,0.0,0.0,0.0,0.0,0.0,0.0,0.0,0.0,0.0,0.0,0.0,0.0,0.0,0.0,0.0,0.0,0.0,0.0,0.0,0.0,0.0,0.0,0.0,0.0,0.0,0.0,0.0,0.0,0.0,0.0,0.0,0.0,0.0,0.0,0.0,0.0,0.0,0.0,0.0,0.0,0.0,0.0,0.0,0.0,0.0,0.0,0.0,0.0,0.0,0.0,0.0,0.0,0.0,0.0,0.0,0.0,0.0,0.0,0.0,0.0,0.0,0.0,0.0,0.0,0.0,0.0,0.0,0.0,0.0,0.0,0.0,0.0,0.0,0.0,0.0,0.0,0.0,0.0,0.0,0.0,0.0,0.0,0.0,0.0,0.0,0.0,0.0,0.0,0.0,0.0,0.0,0.0,0.0,0.0,0.0,0.0,0.0,0.0,0.0,0.0,0.0,0.0,0.0,0.0,0.0,0.0,0.0,0.0,0.0,0.0,0.0,0.0,0.0,0.0,0.0,0.0,0.0,0.0,0.0,0.0,0.0,0.0,0.0,0.0,0.0,0.0,0.0,0.0,0.0,0.0,0.0,0.0,0.0,0.0,0.0,0.0,0.0,0.0,0.0,0.0,0.0,0.0,0.0,0.0,0.0,0.0,0.0,0.0,0.0,0.0,0.0,0.0,0.0,0.0,0.0,0.0,0.0,0.0,0.0,0.0,0.0,0.0,0.0,0.0,0.0,0.0,0.0,0.0,0.0,0.0,0.0,0.0,0.0,0.0,0.0,0.0,0.0,0.0,0.0,0.0,0.0,0.0,0.0,0.0,0.0,0.0,0.0,0.0,0.0,0.0,0.0,0.0,0.0,0.0,0.0,0.0,0.0,0.0,0.0,0.0,0.0,0.0,0.0,0.0,0.0,0.0,0.0,0.0,0.0,0.0,0.0,0.0,0.0,0.0
Urinary bladder,0.0,0.0,0.0,0.0,0.0,0.0,0.0,0.0,0.0,0.0,0.0,0.0,0.0,0.0,0.0,0.0,0.0,0.0,0.0,0.0,0.0,0.0,0.0,0.0,0.0,0.0,0.0,0.0,0.0,0.0,0.0,0.0,0.0,0.0,0.0,0.0,0.0,0.0,0.0,0.0,0.0,0.0,0.0,0.0,0.0,0.0,0.0,0.0,0.0,0.0,0.0,0.0,0.0,0.0,0.0,0.0,0.0,0.0,0.0,0.0,0.0,0.0,0.0,0.0,0.0,0.0,0.0,0.0,0.0,0.0,0.0,0.0,0.0,0.0,0.0,0.0,0.0,0.0,0.0,0.0,0.0,0.0,0.0,0.0,0.0,0.0,0.0,0.0,0.0,0.0,0.0,0.0,0.0,0.0,0.0,0.0,0.0,0.0,0.0,0.0,0.0,0.0,0.0,0.0,0.0,0.0,0.0,0.0,0.0,0.0,0.0,0.0,0.0,0.0,0.0,0.0,0.0,0.0,0.0,0.0,0.0,0.0,0.0,0.0,0.0,0.0,0.0,0.0,0.0,0.0,0.0,0.0,0.0,0.0,0.0,0.0,0.0,0.0,0.0,0.0,0.0,0.0,0.0,0.0,0.0,0.0,0.0,0.0,0.0,0.0,0.0,0.0,0.0,0.0,0.0,0.0,0.0,0.0,0.0,0.0,0.0,0.0,0.0,0.0,0.0,0.0,0.0,0.0,0.0,0.0,0.0,0.0,0.0,0.0,0.0,0.0,0.0,0.0,0.0,0.0,0.0,0.0,0.0,0.0,0.0,0.0,0.0,0.0,0.0,0.0,0.0,0.0,0.0,0.0,0.0,0.0,0.0,0.0,0.0,0.0,0.0,0.0,0.0,0.0,0.0,0.0,0.0,0.0,0.0,0.0,0.0,0.0,0.0,0.0,0.0,0.0,0.0,0.0,0.0,0.0,0.0,0.0,0.0,0.0,0.0,0.0,0.0,0.0,0.0,0.0,0.0,0.0,0.0,0.0,0.0,0.0,0.0,0.0,0.0,0.0,0.0,0.0,0.0,0.0,0.0,0.0,0.0,0.0,0.0,0.0,0.0,0.0,0.0,0.0,0.0,0.0,0.0,0.0,0.0,0.0,0.0,0.0,0.0,0.0,0.0,0.0,0.0,0.0,0.0,0.0,0.0,0.0,0.0,0.0,0.0,0.0,0.0,0.0,0.0,0.0,0.0,0.0,0.0,0.0,0.0,0.0,0.0,0.0,0.0,0.0,0.0,0.0,0.0,0.0,0.0,0.0,0.0,0.0,0.0,0.0,0.0,0.0,0.0,0.0,0.0,0.0,0.0,0.0,0.0,0.0,0.0,0.0,0.0,0.0,0.0,0.0,0.0,0.0,0.0,0.0,0.0,0.0,0.0,0.0,0.0,0.0,0.0,0.0,0.0,0.0,0.0,0.0,0.0,0.0,0.0,0.0,0.0,0.0,0.0,0.0,0.0,0.0,0.0,0.0,0.0,0.0,0.0,0.0,0.0,0.0,0.0,0.0,0.0,0.0,0.0,0.0,0.0,0.0,0.0,0.0,0.0,0.0,0.0,0.0,0.0,0.0,0.0,0.0,0.0,0.0,0.0,0.0,0.0,0.0,0.0,0.0,0.0,0.0,0.0
