dataset,sample,n_proteins,Testis,Retina,Parotid gland,Brain,Adipose tissue,Prostate,NK-cells,Skeletal muscle,Urinary bladder,B-cells,Esophagus,T-cells,Ureter,Lymph node,Gall bladder,Tonsil,Placenta,Liver,Appendix,Heart,Small intestine,Adrenal gland,Colon,Ovary
evo96,evo96_TU014944PAP_Slot1-12_1_3201.d,1617,0.06972247028116511,0.029449892815354012,0.024279807811366856,-0.009469679642039243,0.01586310651432633,-0.007771513528611459,0.040734609398985086,0.017647354192276837,-0.0037617642106814258,-0.014948796080923876,0.03275308615140421,-0.018706922097059736,0.0018779660142393309,-0.008749656025288129,-0.010230817544298904,-0.006685343120684625,-0.005813218906897508,-0.01809532199212341,-0.00498595630383667,-0.016221652016185212,-0.013609092550487973,-0.022972863528447178,-0.03261834586530268,-0.03768734976624927
evo96,evo96_TU014945PAP_Slot1-11_1_3202.d,1990,0.09476655445843454,0.04684361635607506,0.03564915628654553,-0.006284126312056161,0.01317287715261073,-0.007235670555356629,0.028411527903325164,0.01878558649367135,-0.001063871413840998,-0.028892446792047857,0.026884955667256426,-0.024628181391099308,-0.0002249818812749668,-0.01220942698383524,-0.009938271524858521,-0.016868478165543453,-0.009034150817336543,-0.014349343810123477,-0.014278445948925174,-0.01167061143134934,-0.015727250818777093,-0.022727949351674867,-0.03277377402616251,-0.03660729309365598
evo96,evo96_TU014946PAP_Slot1-10_1_3203.d,1719,0.09667985694908669,0.054685634848665864,0.0366706368521215,-0.008881661132023447,0.014953982391273431,-0.006392180552636988,0.008808806295931578,0.017276948553465673,-0.0007985405038027837,-0.025762926055638433,0.028161307070875358,-0.02309922810321514,0.0034437835328530683,-0.010895864765554703,-0.011259125897393862,-0.014728651130053843,-0.018401570784970595,-0.0139489639856446,-0.012570140526038175,-0.009975825196209782,-0.015796287064588573,-0.022584281585628238,-0.03016875735979292,-0.03541695185108071
evo96,evo96_TU014947PAP_Slot1-09_1_3204.d,1530,0.066800512738269,0.05113086113881352,0.03706543662167484,-0.005124438158113586,0.01362643679917058,-0.005958415081918977,0.01264641531465295,0.01698772209086444,0.0001470912612702457,-0.015472418819668859,0.030273316012604582,-0.014722410828356902,-0.0029388310888290264,-0.009526872107202319,-0.009219566058039698,-0.019204293675632686,-0.012139026819374083,-0.014755960221218936,-0.010493174812821526,-0.010742163564519715,-0.01435698123429583,-0.019862480867778493,-0.03212130745989108,-0.03203945117965831
evo96,evo96_TU014948PAP_Slot1-08_1_3205.d,1589,0.05707850182049021,0.029590104610361517,0.04069707614758015,-0.005136998262507983,0.005768767880783603,-0.005694613772240207,0.019478229832882867,0.016770721179043335,-0.009089863383401032,-0.008094077752178856,0.03223365115559955,-0.014198080504027304,-0.001856068930757872,-0.0045042797812663935,-0.010429148434341205,-0.005920541079329159,-0.00927234308607946,-0.014096385813129959,-0.008364074570885973,-0.010554221697885216,-0.013714021999263052,-0.018135163027606177,-0.032381581031689394,-0.03017558950015161
evo96,evo96_TU014949PAP_Slot1-07_1_3206.d,1688,0.06895400910751524,0.05849037558148879,0.02816215704881496,-0.008315843725600954,0.016358935330253135,-0.007267667430093566,0.012383129370078889,0.017091288751459856,-0.000324674419496953,-0.02152514875813435,0.029932371546094606,-0.017818137407177595,0.0040443415670883415,-0.005358509153993707,-0.020562158479121354,-0.013072542887348078,-0.010497649821808256,-0.011670422803783683,-0.008462297322538934,-0.015044417080379733,-0.0122388122568805,-0.022794385603054735,-0.029434324439242873,-0.031029616714138033
evo96,evo96_TU014950PAP_Slot1-06_1_3207.d,1381,0.062305829127996155,0.023458040078795196,0.02663899771364347,-0.005651840107016733,0.0016382268310041394,-0.0042016991382441944,0.025655452522420796,0.021790951273028072,-0.0014781625770416457,-0.011459248908542857,0.03591115951799713,-0.015434243892468613,0.012638636059105098,-0.00230791869916027,-0.020377149165721944,0.0032909772290432393,-0.008392467941278934,-0.013546519951266123,-0.007949873841150904,-0.021728730966171086,-0.01329927940031489,-0.02261313000533603,-0.029130499554106456,-0.03575750620521233
evo96,evo96_TU014951PAP_Slot1-05_1_3208.d,1636,0.09858091692135454,0.0411565806493659,0.040239282929033816,-0.0024780440224161605,0.008710062971937124,-0.006126583661691002,0.015379901782960214,0.018231163217389705,-0.006784334295374391,-0.012394381727025009,-0.017598780539983833,-0.01669993684493922,-0.000345250738271526,-0.0055034923926490405,-0.0038725521802606294,-0.007994265808572789,-0.01467314922613004,-0.011059042028604355,-0.007392932770179116,-0.00989990570497986,-0.01430913010303763,-0.02135476768779256,-0.031643372037094664,-0.032167986703038776
evo96,evo96_TU014952PAP_Slot1-04_1_3209.d,1638,0.07685835607336763,0.052458535805632665,0.04125243594016235,-0.006968369732919602,0.0015922528457200128,-0.003618280026837585,0.015560678503330252,0.017805958201582223,-0.010816356248338741,-0.020693242938016318,0.034744189277837394,-0.018412536878652727,-0.0030075597733491507,-0.006426192873434409,-0.021148762560851807,-0.0011123791240196656,-0.009869460492685396,-0.012858411335491442,-0.012459389640705337,-0.013142837248930221,-0.01551396542653071,-0.021187091436719638,-0.030577916939016566,-0.032459653971132776
evo96,evo96_TU014953PAP_Slot1-03_1_3210.d,1550,0.06262080601696762,0.051650660131982315,0.034670068412921036,-0.009660581437712323,0.019485682162837914,-0.009593132379289724,0.014783925745799106,0.017671244685922828,-0.0004107979474297811,-0.020161882878083435,0.03251660476111054,-0.018763804866701424,0.0037232478557151618,-0.006968128404699287,-0.010042377017517302,-0.011371465164115881,-0.014058960953526824,-0.014660394744819638,-0.009388093004053808,-0.009361368290353094,-0.015032030737412475,-0.023585784906818,-0.03055437936015544,-0.033509057680567604
evo96,evo96_TU014954PAP_Slot1-02_1_3211.d,1380,0.0568512172906065,0.013420128012418507,0.04710959857867762,-0.010064224158149525,0.004178157033765899,-0.004256754240476814,0.03688323126992504,0.017492570584343337,-0.011405042941690074,-0.007283345879178032,0.032375050877327734,-0.01796236383198001,0.001165768201036248,-0.00422958227070811,-0.020588332533421516,-0.011407571058894578,0.0006522057121084435,-0.01200297034633746,-0.0002694102644455979,-0.011928408925730211,-0.013229727497707774,-0.022595441990473572,-0.028804645611387854,-0.034100106009627824
evo96,evo96_TU014956PAP_Slot1-24_1_3213.d,2299,0.08430172148615075,0.11683039559163591,0.026472284477666846,-0.007539324208602689,0.01194052619083025,-0.005906040846904844,0.021951369435655177,0.017105285917672793,-0.003703809850965254,-0.03190132070777519,-0.018984757452271506,-0.018750167554667026,5.4387555781314105e-05,-0.009127522334813454,-0.0043779658505061474,-0.014511058422307,-0.011814055617793032,-0.014028218598965794,-0.015095848762606041,-0.015974765280525917,-0.017256198323802787,-0.02222130097147734,-0.032031601565615825,-0.03543201430579282
evo96,evo96_TU014957PAP_Slot1-23_1_3214.d,2320,0.08529096132752373,0.1168432464999006,0.026842329355176428,-0.004502704600451039,0.012220908646519911,-0.0066267225236805154,0.022570940767396155,0.017235998116373857,-0.0037088716663065155,-0.031914474350281545,-0.019737305223167332,-0.02029974879419519,-1.918711427590336e-05,-0.011243312558904229,-0.004437817513043402,-0.014310306147733954,-0.011649326441901616,-0.014487147732295562,-0.014924143431585556,-0.015286671361381251,-0.01645459602101561,-0.020620363860362947,-0.034699864038939404,-0.0360818213333687
evo96,evo96_TU014958PAP_Slot1-22_1_3215.d,2304,0.07980329470015132,0.10498719092499809,0.02764888376026433,-0.014168086796514648,0.010959745834490114,-0.00864400852346912,0.01941755562825072,0.016576047201784322,-0.008539130523737769,-0.03291064050614464,0.028785496247149548,-0.02325266610483631,-0.0010327638798921916,-0.010653359781358502,-0.006329491326569677,-0.008540494806266462,-0.012004583670095412,-0.01499283461654062,-0.01774202536208365,-0.015386880537851883,-0.01736130476084908,-0.024494630125938457,-0.035079393466626835,-0.03704591950831292
evo96,evo96_TU014959PAP_Slot1-21_1_3216.d,2282,0.0787239906801403,0.10182186026939129,0.023808522492747685,-0.014196099794399281,0.0022540065484076455,-0.0059973480499740705,0.02374539209679997,0.020537907796014252,-0.0057244041258061274,-0.03081405413111642,0.03012217916588856,-0.022585961906059434,0.0033225778973641415,-0.007522044972327934,-0.006111062753131291,-0.011729570080360026,-0.010963274666187536,-0.016553756612270404,-0.01535045510440523,-0.02455038953434479,-0.016991186218556352,-0.02432006266563057,-0.03484077032201794,-0.036085996010166245
evo96,evo96_TU014960PAP_Slot1-20_1_3217.d,2057,0.06372871896640755,0.08202820937303537,0.030475907379368346,-0.0064824052737311256,0.015425979616883072,-0.006959374270513209,0.024068954398929907,0.014919813533574139,-0.0035861911746568427,-0.02481272878009374,0.026860833199454565,-0.0246909860600688,-0.0024302901307050825,-0.007953891860867809,-0.006279179290179224,-0.017551737851750366,-0.008414019976044901,-0.013921084996637741,-0.010928041778144987,-0.01443467664263647,-0.01548830403914718,-0.022922396188355752,-0.0335199227745901,-0.037133185379529234
evo96,evo96_TU014961PAP_Slot1-19_1_3218.d,2024,0.08673184625092256,0.09764501621073751,0.022967087564630718,-0.005517659591671989,0.014241409310724207,-0.00824829582490282,0.024860057572547785,0.016567878416729333,0.0011706191769498184,-0.027388488374319033,-0.020357415515222677,-0.01788605484681801,0.0011146505479416586,-0.005821198843805583,-0.008019671831241417,-0.01782969900680218,-0.007367608952123304,-0.012937067408915317,-0.013296109677880258,-0.01827178277540747,-0.01504339558823167,-0.02006006359307144,-0.03362934835806428,-0.03362470486270563
evo96,evo96_TU014962PAP_Slot1-18_1_3219.d,2070,0.08571889928691204,0.08714013875154468,0.027560821249203463,-0.008303585517674135,0.011616764504483582,-0.010027411280887886,0.022834227477845206,0.017608611783512904,-0.006898545859687711,-0.03098488091328787,0.0289625450094215,-0.02376849957691027,-0.0027416598446643515,-0.01319444008637332,-0.006699619661383897,-0.009651476083239456,-0.011311021665624199,-0.014792623090425326,-0.01752042400078647,-0.014922330623827558,-0.017794254859041736,-0.02199641677922973,-0.034868862652744685,-0.03596595556713437
evo96,evo96_TU014963PAP_Slot1-17_1_3220.d,1958,0.08786885140960449,0.03171300769518396,0.03304181312455929,-0.008873089286681539,0.013259716012422741,-0.004393646231907267,0.03485664980454644,0.01834504778664345,-0.002762681863291504,-0.026249464864600457,0.030350319191916744,-0.02364147765190002,-0.00011839772780813689,-0.009243162277109786,-0.009302504278831093,-0.008805951639779874,-0.008019627195954502,-0.014566728021522063,-0.013268807000234235,-0.011287103869218489,-0.015429182647918213,-0.021831082865491278,-0.03333415971797725,-0.0383083378846509
evo96,evo96_TU014964PAP_Slot1-16_1_3221.d,1935,0.08912728838980649,0.06091433867842589,0.03407783052537397,-0.007412723234297611,0.011370132897955984,-0.008982695103884957,0.030802273894972663,0.015950857218088352,-0.0033174373640758644,-0.0275993763622579,0.030647674602517428,-0.022163042407053964,-0.0012106426829812998,-0.010336938481752763,-0.009918037980791675,-0.009839256261749625,-0.0116048436719787,-0.019251124086943357,-0.013648692837081122,-0.014308435448880228,-0.01683598173297581,-0.02480239483666371,-0.03442674398146331,-0.037232029732308373
evo96,evo96_TU014965PAP_Slot1-15_1_3222.d,1890,0.06886828912520182,0.07031205612018028,0.03978662282095727,-0.007005634680177043,0.016388596409033108,-0.0034030894207413937,0.02734196830245725,0.01680097671398056,0.005409237531615211,-0.011866967946014616,-0.02294167746170273,-0.014142475343303302,-0.006810031853485637,-0.004859289715701494,-0.005296357689325164,-0.027276674117801464,-0.003158311954966037,-0.01254302947204866,-0.0077765434360831075,-0.015230026780630576,-0.016325072551202465,-0.019605646539266254,-0.03232752611317859,-0.034339391947796234
evo96,evo96_TU014966PAP_Slot1-14_1_3223.d,1873,0.09477876432931855,0.04166401993555007,0.03555599777535229,-0.005486999464683704,0.013903252964972435,-0.009994798679670697,0.0330301589318212,0.01521868345611246,-0.0017603579098735922,-0.025515098548794895,0.02785241775924012,-0.025052508711623622,0.0020480476845149,-0.008929866589672125,-0.010127237214500259,-0.018394319596129728,-0.009316834955271776,-0.017848932077941224,-0.011361369033021446,-0.012343576112604417,-0.01568431718641675,-0.024816660511423918,-0.03126424472204733,-0.03615422152320577
evo96,evo96_TU014967PAP_Slot1-13_1_3224.d,1897,0.05941483636994467,0.0681361539662268,0.03466156092296761,-0.007351621026047074,0.014388123362213701,-0.009377215770572591,0.02527062276444245,0.01705522811293964,-0.005118285961831155,-0.023880874027779837,0.02748690556719874,-0.02037652657718675,-0.0014211835015209792,-0.009876955314844805,-0.008122818234642714,-0.014357820331871864,-0.0063604901956055395,-0.013611255996287883,-0.011883120824001357,-0.011306627842759123,-0.015403508944532114,-0.023070415988635344,-0.031466123845377156,-0.03342858668243656
evo96,evo96_TU014968PAP_Slot1-36_1_3225.d,2303,0.08252850037639384,0.09948562535339181,0.020369053764619283,-0.009625255676731845,0.013750211996629971,-0.007868001950682053,0.01905129365230616,0.018715393082350883,-0.007136951346072269,-0.03471214967022544,0.030162910378962158,-0.021633004740602726,-0.0018766589671825801,-0.008737837428468839,-0.006311816295889632,-0.012186556216050281,-0.011354433471375238,-0.015729439914941145,-0.015275685336802305,-0.02339271361728519,-0.016264170642674124,-0.02359972540976865,-0.03258914945151448,-0.035769438468387066
evo96,evo96_TU014969PAP_Slot1-35_1_3226.d,2327,0.08118946798010569,0.1147197059015728,0.0263132306762722,-0.007393513981170369,0.010855794411337919,-0.00788105802663741,0.01770599238654928,0.016718188435554778,-0.006971968881765528,-0.03758683850901065,0.0281349444838068,-0.026222506777422556,-0.003036521753671565,-0.012475206933143863,-0.006567500241515977,-0.014842367867009421,-0.01314228685788999,-0.015026138310828212,-0.017545934881699702,-0.016212609165984715,-0.017349134961238723,-0.02247651187858018,-0.034438009349914395,-0.03646921589771595
evo96,evo96_TU014973PAP_Slot1-31_1_3227.d,2310,0.08107322390974157,0.1146739505552524,0.026828323791291082,-0.00781495097438636,0.010882738066795333,-0.008005451412995388,0.018132396548675954,0.016626179851439073,-0.00795929763477288,-0.03698435686021505,0.027992835498075855,-0.025652321634756732,-0.004312115455410685,-0.011402501123188606,-0.0061919923156745285,-0.012206324279299583,-0.013238275598328377,-0.016049832226915355,-0.017792961120385087,-0.015522469796422798,-0.01757550315739597,-0.024194456865935483,-0.03458163204049553,-0.036725205724692574
evo96,evo96_TU014974PAP_Slot1-30_1_3228.d,2288,0.08358509374455995,0.10517329450232916,0.028364997422372803,-0.012971053685935386,0.011081703938599018,-0.00839210977614481,0.019107074956798805,0.018149086339158852,-0.008094638952078938,-0.03535393439072328,0.02999142735697401,-0.020852597090701617,-0.0016460340531405343,-0.01124346695247399,-0.0062824825031407,-0.013475080062001491,-0.013760263254803125,-0.01496013791669952,-0.017839144145646045,-0.019712816126908284,-0.018040373693581812,-0.023687669943254958,-0.033068910077364067,-0.03607196563619381
evo96,evo96_TU014975PAP_Slot1-29_1_3229.d,2259,0.0852385977560685,0.10322069942743149,0.021832558749379644,-0.01063429478203451,0.009705226667995727,-0.009647241904334017,0.021789142406052963,0.015858605074389617,-0.006026969964280503,-0.032175557957202616,0.026108463556473987,-0.02275689027249474,-0.001349604486413229,-0.008123323871123772,-0.006798879947625606,-0.0193507957297092,-0.010474458971422056,-0.014321788894685283,-0.017497733393391775,-0.0174077414151877,-0.016211140526568094,-0.02417143177730053,-0.031762136313969444,-0.035043303430048224
evo96,evo96_TU014976PAP_Slot1-28_1_3230.d,2297,0.08701981524840442,0.1207774866060489,0.02990000708454427,-0.006941335096782613,0.013645206423787014,-0.005486836262967531,0.019200672206973947,0.01971622792408467,-0.003602945998031529,-0.031352155859561096,-0.02126789266143024,-0.019869889259510165,-0.0015358497109535455,-0.007848718673940514,-0.004417848672616564,-0.01994795463419911,-0.011251625101051238,-0.021289657535948303,-0.014261711914633017,-0.014847331015929327,-0.016832756438522608,-0.022600652728968842,-0.03252670868623436,-0.034377545242562285
evo96,evo96_TU014977PAP_Slot1-27_1_3231.d,2226,0.05894386682089056,0.11603621848120113,0.02633100564702558,0.0008225550635049055,0.021906950417109373,-0.004439879839811677,0.028741609965284028,-0.022197415365303414,-0.0003325518082355961,-0.029278463181404153,-0.01489548545766418,-0.014832077249653167,0.004187635830561139,-0.0019401583897195435,-0.003507144491217051,-0.008878203693325927,-0.0064332509784522885,-0.01947905173699847,-0.010132784859028772,-0.013278073805932334,-0.0148751172721723,-0.023302490071660492,-0.033474806683523935,-0.03569288734147297
evo96,evo96_TU014978PAP_Slot1-26_1_3232.d,2311,0.08162351217450323,0.1070533800697562,0.030835088531973528,-0.00992071485170701,0.011653405864574121,-0.008485533684114317,0.020761299046486267,0.016248017735975,-0.009876082290349652,-0.03678094629514848,0.028630242619015287,-0.025506852188762676,-0.003933851673853521,-0.010658867922084753,-0.006094506079904304,-0.012070857275485224,-0.0125229947709144,-0.014994156847316645,-0.01788334049477783,-0.013616375024071961,-0.01761065801849995,-0.02502600593884117,-0.03302938373099492,-0.03879381895545635
evo96,evo96_TU014979PAP_Slot1-25_1_3233.d,2296,0.08608514536363662,0.11685628235037393,0.027295742821331074,-0.002812614889685834,0.013845394364474392,-0.006273379418008131,0.020054688143412883,0.019177530711598317,-0.0007052483010858052,-0.030104027144020835,-0.01996945330264994,-0.018118224534510334,-0.007682697395504815,-0.007406660380070145,-0.004251862804159376,-0.02238165391569826,-0.00845911095254219,-0.021226871180971874,-0.012933646304258006,-0.014917237720756153,-0.016653889326262515,-0.02014042054156964,-0.033933911285328404,-0.03534387435774453
evo96,evo96_TU014980PAP_Slot1-34_1_3234.d,2303,0.08273676321283703,0.11278418794590526,0.028852767065643575,-0.009185890675519972,0.013213519959148625,-0.007802456159704149,0.01994216473480003,0.015736078884298826,-0.00883332821321299,-0.034361204733288346,0.026205484754805858,-0.026466171815710707,-0.002814641640853679,-0.01068057035645833,-0.0062288428991945565,-0.021225499307640255,-0.01273198323536212,-0.014406879002101509,-0.015993546146595518,-0.016384794773555686,-0.01723421367015588,-0.0245229794820049,-0.03324283544590978,-0.03735512900017049
evo96,evo96_TU014981PAP_Slot1-33_1_3235.d,2302,0.08672987827639123,0.1168979261107738,0.026922600330638247,-0.007600335471786358,0.01186536170858214,-0.00705964130546773,0.023559288560169703,0.016225402018949956,-0.0029311408634950754,-0.02863876438410391,-0.020965257132782723,-0.018376662630479,0.00034018899433303486,-0.01006602228915133,-0.00406401267807063,-0.0206528588463743,-0.012015095956158203,-0.013684843005033243,-0.015033059428578861,-0.016075138180174184,-0.017381236147619845,-0.020149424173025468,-0.03362918710024518,-0.034217966407291564
evo96,evo96_TU014982PAP_Slot1-32_1_3236.d,2330,0.08525821194678301,0.11693659507228152,0.01975055708535459,-0.008192234010967473,0.015169096742908113,-0.008103590508460011,0.02059915549155624,0.015338434904583578,-0.007984107555954871,-0.03575977027180146,0.026251026891257884,-0.025768869110859276,-0.0021041283859580956,-0.010749169440737122,-0.006626750705784078,-0.021393408622008222,-0.010772233878377158,-0.014619620749681473,-0.015172444043558216,-0.02006170796876447,-0.016068821304463562,-0.02403759588787738,-0.03389384951558246,-0.03799477617388897
proteochip_D0,proteochip_D0_TU014892CK_Slot1-01_1_3148.d,3280,0.10778574254335256,0.16348194249023373,0.015315644495908456,-0.01834689746537805,0.027526887467492964,-0.014740685328535513,-0.0015406684854157085,0.021180360977027645,0.00023588520872706454,-0.0372101541580818,-0.005014031639513337,-0.026099264604506494,-0.014999360746385564,0.0044577397358837026,-0.011639965211001977,-0.030704945761444665,-0.022645344867849814,-0.009587435072524969,-0.013925705334815712,-0.014505150767479737,-0.02001536490277024,-0.026587254009632945,-0.03290495072659875,-0.0395170238366901
proteochip_D0,proteochip_D0_TU014893CK_Slot1-02_1_3149.d,3315,0.09606178400596958,0.15936488082174446,0.00834587234956151,-0.01914268219823018,0.039531897035228476,-0.015599837208688185,0.0020649882652593334,0.02111098935147099,-0.005915175545381701,-0.035703043628616614,0.04398769827463181,-0.026424328829328474,-0.01715275431722246,-0.0022841010276537354,-0.012452215927709285,-0.031163124655586086,-0.022169466998720574,-0.022171221164092317,-0.018538906283334197,-0.02026067345563814,-0.021475251500471935,-0.02458081045180253,-0.0358033216115562,-0.039631195299832535
proteochip_D0,proteochip_D0_TU014894CK_Slot1-03_1_3150.d,3261,0.0948794998469349,0.15570133415195075,0.01899754388357799,-0.019092775351241095,0.0314183764735455,-0.014348342880148822,-0.0004758026364127474,0.021985391703822195,-0.014910095684144933,-0.034393292859768304,0.043509213351366885,-0.02624572745051516,-0.02538328833206611,0.004697569153423159,-0.010787051810272409,-0.030316361891072927,-0.019214593430689333,-0.021274368020468292,-0.015856780799670973,-0.014669029826929272,-0.02049606659099775,-0.02939367735985941,-0.03532137355259324,-0.03901030008776974
proteochip_D0,proteochip_D0_TU014895CK_Slot1-04_1_3151.d,3305,0.07302124530627035,0.1631987048274251,0.01810616147996988,-0.015438574987002652,0.03195510460153946,-0.013305731958558787,0.0033702343772252304,0.02386050786402144,0.004590824842238656,-0.0308122980533734,-0.0033199889499818756,-0.024208948815073347,-0.014023649222942395,0.007197351116787969,-0.01231281189253692,-0.03123774682893739,-0.01960954551337134,-0.011216265193446902,-0.01243998093420712,-0.01947462976322139,-0.019998060271824363,-0.0248756923826087,-0.035161133137548845,-0.03786507651084169
proteochip_D0,proteochip_D0_TU014896CK_Slot1-05_1_3152.d,3278,0.10126556901610877,0.1560786745647153,0.021355002336654196,-0.018047378792476847,0.036774890308833706,-0.011291780772839212,0.00940312148916048,0.02344765729097268,-0.010115319168308214,-0.035375910422409715,-0.005476370770428301,-0.019679229910152203,-0.023436654845533866,0.008840589038309745,-0.010785689081811961,-0.0319778953529572,-0.01855044824825783,-0.0208724154788082,-0.012604018112498635,-0.020024010586677684,-0.01972374664454788,-0.0263016470710686,-0.03402690312599808,-0.03887608565997945
proteochip_D0,proteochip_D0_TU014897CK_Slot1-06_1_3153.d,3317,0.10164963911089148,0.1591427308594428,0.01681461627383066,-0.020570181339097285,0.025983847546528306,-0.017019683421250095,-0.0020017769328359632,0.018870539648228393,-0.009599315316541839,-0.03341990359338055,0.04396601202736818,-0.030137282598023438,-0.019863235572593122,-0.0014588517762528664,-0.013090793520636614,-0.030141394992629855,-0.0236284963988879,-0.0068426059176743695,-0.019085400827101605,-0.012292469421885381,-0.021940302640918962,-0.030894908227203255,-0.035234935669079176,-0.03920584730029658
proteochip_D0,proteochip_D0_TU014898CK_Slot1-07_1_3154.d,3379,0.09507203549943148,0.15370382505135594,0.013894706404985534,-0.02161006849182734,0.02561343009416449,-0.012675951496263119,0.0008349989671776245,0.019406365351645645,-0.013814526370892269,-0.036437802042772895,0.04154657587779061,-0.028884219983678273,-0.01861879046604499,-0.00028643823957522465,-0.012271050488873697,-0.018972993594400224,-0.021498026791073144,-0.003110008039427049,-0.015031855659931448,-0.021083352862202396,-0.021481645956068964,-0.029983663879571007,-0.034380699052326165,-0.03993084383162231
proteochip_D0,proteochip_D0_TU014899CK_Slot1-08_1_3155.d,3354,0.0913139996314631,0.15192689689331484,0.01385163664060577,-0.020439258650473364,0.03296601245058422,-0.010792296450896683,0.0024829602034970063,0.019712597313277767,-0.01176503741121132,-0.03896485813217555,0.042628913609449974,-0.02897817847200658,-0.018157432914127507,0.0036423013571746103,-0.0077427695449005015,-0.024276261448371327,-0.020772115063656813,-0.013607258247521634,-0.016403891300561427,-0.021506690628063475,-0.0204237101987676,-0.029231160152307218,-0.03460029815416674,-0.04086410133015893
proteochip_D0,proteochip_D0_TU014900CK_Slot1-09_1_3156.d,3271,0.06456782450875949,0.15711273744656115,0.01748469157623671,-0.01843678148255545,0.025201776059570392,-0.015157523215174502,0.005594678109899555,0.027166832310802046,-0.004347310389259556,-0.03317688018965506,0.044627648572558826,-0.02796579067286509,-0.011886786846113816,-0.001432537931348554,-0.012430006319103142,-0.024608937587423007,-0.02147614316275604,-0.011908415202852298,-0.01487550452503616,-0.02219945550886542,-0.02009899455264133,-0.02920290314435142,-0.035317211315469464,-0.037235006538917044
proteochip_D0,proteochip_D0_TU014901CK_Slot1-10_1_3157.d,2876,0.08611349908582262,0.13872941113027715,0.01994767238978156,-0.017729470707698126,0.036308522064368076,-0.009966759558267485,0.011854569913882205,0.021735098644573767,-0.010824964158810395,-0.02862953437380668,-0.004712664258019849,-0.02225746581996479,-0.02078464030049277,0.0006209750943695353,-0.014300225957406602,-0.018610577011217953,-0.016388152688602168,-0.009012991003743443,-0.013207920216573901,-0.01266986740649721,-0.017477250381226456,-0.027116077441835286,-0.035551500321093034,-0.03606968671781792
proteochip_D0,proteochip_D0_TU014902CK_Slot1-11_1_3158.d,1321,0.07357626957678595,0.01595567858274378,0.027895034311225926,-0.019956563303853498,0.009293562361753783,-0.008230174417523928,0.04648853691162755,-0.017321437805343034,-0.002952234104790336,0.028327535493774144,-0.018985904742354415,0.01126092204442738,-0.011225832880215461,0.0162333855872689,-0.02016891142895877,-0.015821652224142783,-0.012398841411602442,-0.009705984369347723,0.008928882186874175,-0.020245944753299105,-0.016364399206423845,-0.016932385646914117,-0.02860431688834559,-0.01904522387336552
proteochip_D0,proteochip_D0_TU014903CK_Slot1-12_1_3159.d,2957,0.07252806145591151,0.13681140905507652,0.00938161479866975,-0.013618162064909909,0.03333238675868705,-0.014867004287998729,0.00723055896712069,0.020398947623966816,-0.00794369838061645,-0.03297945807580454,0.04527086711809211,-0.029378176378503783,-0.017862895721391756,-0.00011349844174652759,-0.012309521441392062,-0.023542098254612828,-0.019377677998945686,-0.003532142897923616,-0.014837630286035111,-0.01760902791050301,-0.01841051587833398,-0.027969876668780067,-0.033512467620099656,-0.03708999346992604
proteochip_D0,proteochip_D0_TU014905CK_Slot1-25_1_3161.d,3162,0.10707959250459058,0.14772818816296288,0.0159973183736869,-0.019930674930958715,0.025895566196208315,-0.014629900838350668,-0.002974858015183067,0.016473827546344858,-0.004327243205711913,-0.03815175616521136,0.04114907647456095,-0.03180954919805768,-0.010826000142622697,-0.004248440177910097,-0.014163404588053567,-0.022968527882297623,-0.02449820728388971,-0.011380251319873995,-0.01733849159146131,-0.016873602212673436,-0.020887982124848454,-0.025699007884981785,-0.034839974650305965,-0.03877569704596202
proteochip_D0,proteochip_D0_TU014906CK_Slot1-26_1_3162.d,3344,0.0952648285184206,0.16108363560885894,0.01633905425425923,-0.021546083110063403,0.020783097767256013,-0.01661280500269871,0.00040054417690915857,0.015872936502764935,-0.010305365264929998,-0.043531848480736074,0.04330761305645851,-0.03323729289864378,-0.013210001420122712,2.5306619352260794e-05,-0.010018711775209061,-0.02427186726794417,-0.02412233080360167,-0.001379421271664663,-0.015500548922159477,-0.016209264168784068,-0.02103897658616526,-0.029736853421023234,-0.03261771788422562,-0.039737928226307145
proteochip_D0,proteochip_D0_TU014907CK_Slot1-27_1_3163.d,2928,0.10095500418665958,0.15561869976000728,0.015294530813764374,-0.018207669632216827,0.02273257124295261,-0.011620069742625116,0.007839985111976743,0.024963116928346227,-0.013416231366780784,-0.024685902901573638,-0.019385069743954743,-0.019867254292904545,-0.022049728085495667,0.010078781687142206,-0.009356675141802941,-0.02436818359257866,-0.015292172295455849,-0.010701214655825362,-0.012663575865877021,-0.02015566158018405,-0.01931646385699895,-0.028414790134128558,-0.03352239619679977,-0.034459630645645986
proteochip_D0,proteochip_D0_TU014908CK_Slot1-28_1_3164.d,2785,0.11090473315038218,0.13535062874192813,0.016758196473991863,-0.017961277371516662,0.028211526528827937,-0.010869461412022732,0.005500043430387571,0.02116509050649926,-0.012399907043241074,-0.0257752430765469,-0.0015157021412077567,-0.021651877207547767,-0.01968189154700704,0.007241374054965654,-0.007860649907968972,-0.025219949638536382,-0.024938591889162316,-0.020619570630098154,-0.01056107894282292,-0.014888104512649873,-0.017474011900262845,-0.027155874645656827,-0.031313914745809836,-0.035244486274923666
proteochip_D0,proteochip_D0_TU014910CK_Slot1-30_1_3166.d,3174,0.07226574292876181,0.15216176117292712,0.01741662896282528,-0.01564366049187966,0.03641793335175302,-0.011093392781736012,0.006169066714196194,0.02546646493608028,-0.006453886363533346,-0.03067749159906689,-0.0037416659284572455,-0.02552349334508022,-0.02158637153987429,0.013006859730142727,-0.010058755663284643,-0.027580463032963493,-0.014770929672573678,-0.00981334799049235,-0.013689836901747694,-0.013599335586763753,-0.018755886310168796,-0.026575139607620476,-0.03505753859920095,-0.038283262382241987
proteochip_D0,proteochip_D0_TU014911CK_Slot1-31_1_3167.d,3214,0.07068338047610237,0.15417577742515817,0.019556178509724225,-0.0152761433706247,0.03480138152978006,-0.011294030286158978,0.012523959134231695,0.027607970829592935,-0.006219273003888187,-0.036037561796068124,-0.0036396953507838864,-0.01890923747592761,-0.021301540379266702,0.012058679144410459,-0.010458756518056112,-0.029653878037640517,-0.015404757176680602,-0.009228412093845104,-0.01212524528733808,-0.019338347270114777,-0.019026556978950428,-0.029359265609359187,-0.035083889865733395,-0.03905073654856241
proteochip_D0,proteochip_D0_TU014912CK_Slot1-32_1_3168.d,3236,0.1024655981660273,0.15593053156713355,0.01883370227692222,-0.01630781847443224,0.03266041824276262,-0.010878440497352248,0.00484532573110075,0.024927159929482492,-0.006432275189362029,-0.03464324595748819,-0.007245780244431399,-0.023641091760517,-0.022790356755255526,0.00610437809759834,-0.010169502236253522,-0.031224104692577265,-0.02079459167389502,-0.008832761140701195,-0.013345073644398232,-0.01900906549380526,-0.01985153391479093,-0.0273022331168207,-0.03498629513616028,-0.03831294408278525
proteochip_D0,proteochip_D0_TU014913CK_Slot1-33_1_3169.d,3303,0.0710638726603361,0.15041853471106903,0.013310899133499294,-0.013077820398767311,0.04145365149309737,-0.0104967615597843,0.007991377829440021,0.025056902059985238,-0.005804158079759958,-0.035617049257724416,-0.0028475790520499887,-0.022578422113012187,-0.02143261925897162,0.015388539491777141,-0.011168015346889807,-0.030234195163988987,-0.015682037984690804,-0.009010509729011087,-0.0130762679035883,-0.016755558462864875,-0.018282354912164223,-0.027902906466221476,-0.0327988381858404,-0.0379186835038736
proteochip_D0,proteochip_D0_TU014914CK_Slot1-34_1_3170.d,2879,0.07111219655104792,0.134975125984411,0.01386228811285102,-0.02152456673761347,0.0406601194906825,-0.013598362819445696,0.020737174024149208,0.025173481627995382,-0.014349752165058434,-0.021990771822600983,-0.0007159504613812221,-0.015067514095013302,-0.02152649857996573,0.0163861155553903,-0.011414918356640179,-0.02952828869040823,-0.020188297176189498,-0.007525458373352381,-0.011631360855731285,-0.019983034256343714,-0.020357583932998802,-0.02555114656200705,-0.03074589530530276,-0.037207101156473694
proteochip_D0,proteochip_D0_TU014915CK_Slot1-35_1_3171.d,3320,0.1098739187252643,0.16346955504859972,0.014995978926588894,-0.017373698340817888,0.03171228559773265,-0.014323045023675537,-0.00032553395511935234,0.018890234218778362,0.0012778001487906113,-0.038460699518944035,-0.008003915712040094,-0.02929114864657401,-0.0153144786001491,0.0029953093556105573,-0.013450597896652086,-0.027702859565801343,-0.022207963112622752,-0.007036520179148128,-0.014650282532552277,-0.016035858505526503,-0.01951372349370907,-0.02587562948859018,-0.03470992248882237,-0.038939204960619624
proteochip_D0,proteochip_D0_TU014916CK_Slot1-36_1_3172.d,3273,0.09957679354384448,0.14650106286653805,0.016489235382971687,-0.014679994225255148,0.034724864322986985,-0.011443010210064981,0.005002056478154361,0.02475860762871551,-0.008182935738689369,-0.03827056891577863,-0.00527395312691453,-0.027643321451564777,-0.01630516898646976,0.007018879310332385,-0.009982783699988592,-0.017444229341391428,-0.02109103400561588,-0.005512113250124403,-0.01456340569506095,-0.020704290598410554,-0.019920207631045544,-0.031076572976764607,-0.03356394446533685,-0.03841396521506674
proteochip_D0,proteochip_D0_TU014919CK_Slot1-14_1_3177.d,2637,0.03139678016012181,0.1157971717898895,0.013730291118645536,-0.014048558440319783,0.04018886301798488,-0.007229907109130609,0.013726872385807316,0.023898643079022824,-0.0012660387667658803,-0.01932058113601508,-0.0012732696549554053,-0.011314767629387122,-0.017365110680596006,0.02774137515816842,-0.0061552255027425016,-0.034573769901256345,-0.006988996318482188,-0.0081924940094404,-0.005232726882104505,-0.01971236214548336,-0.01673034502926712,-0.025841200265548477,-0.032354435163714626,-0.03888020807443046
proteochip_D0,proteochip_D0_TU014920CK_Slot1-15_1_3178.d,2513,0.019196172954696885,0.1459910660135401,0.013788830009513692,-0.02020892038290042,0.0016377392255431074,-0.008301988947476042,0.02179594128617114,0.0237018942532964,-0.001968118758024938,-0.019735055785191337,-0.0029536573996703356,-0.01484390397739195,-0.009218967145433219,0.009810333646830106,-0.0060297609823783994,-0.013896345173982765,0.002145496082176282,-0.009360147320425902,0.000667140392905858,-0.01971885756206944,-0.016441486879808755,-0.029575814278956423,-0.03334391037586724,-0.03313767889509564
proteochip_D0,proteochip_D0_TU014921CK_Slot1-16_1_3179.d,2578,0.07414099661930122,0.11759210005054083,0.01520839709786828,-0.017417152167915607,0.026103776738453023,-0.009547504334130002,0.012745542106131226,0.021464588126682525,-0.006082107213797249,-0.026982297234865914,-0.005221466345923669,-0.016468224173637146,-0.015735265428335466,0.016190905921499875,-0.01022290344524261,-0.034760616913891824,-0.009845095866000351,0.0012250323989311466,-0.003726970566214001,-0.019918258516364373,-0.015753147105052198,-0.02878115016792875,-0.03208674265923715,-0.03212243692087103
proteochip_D0,proteochip_D0_TU014922CK_Slot1-17_1_3180.d,2563,0.05896322747101467,0.1202122412480504,0.013178103384347701,-0.02567837982747907,0.030764696072832422,-0.009947016664931486,0.01794637115078973,0.019006920561061482,-0.010154137398974507,-0.018856746980729006,-0.001493149196595542,-0.018295359598519023,-0.023282824033609973,0.022905731783990677,-0.007744117798190576,-0.028696296836961285,0.001520605024638016,-0.008083770909408074,-0.00799647963548148,-0.013790496028087306,-0.018638240044180597,-0.025660041144905273,-0.028624010799708006,-0.03755682979896333
proteochip_D0,proteochip_D0_TU014923CK_Slot1-18_1_3181.d,2646,0.016631683055627722,0.11221401408317865,0.015079641745432462,-0.015175125676301535,0.04836982922736934,-0.007286062935539476,0.022577835970419926,0.0224768142075178,-0.006043712895851528,-0.01969981533365005,-0.004013335756682037,-0.015349684333470651,-0.009536388453898708,0.010928288686813777,-0.00751945126330032,-0.01723645033524519,-0.012231296877979329,0.000609554489090208,-0.004854580344131343,-0.01976691175293196,-0.015335315249051271,-0.028402485243049204,-0.03180734509698228,-0.03462969991738434
proteochip_D0,proteochip_D0_TU014924CK_Slot1-19_1_3182.d,2570,0.055720007154158334,0.11882537748000281,0.018419417948951494,-0.02154155870134912,0.03074950384040559,-0.006667849989212453,0.026412356819061556,0.024654587507340044,-0.0034054226288981727,-0.021249277461193376,-0.02147400179954435,-0.012462545160803138,-0.015498472998966525,0.009893193764124305,-0.004078597205829959,-0.03240369902146357,-0.00244831996890619,-0.0076688566384871875,-0.00785062593919813,-0.01986502828291162,-0.01497003944174719,-0.02878476365154356,-0.03193996729526172,-0.03236541832872736
proteochip_D0,proteochip_D0_TU014925CK_Slot1-20_1_3183.d,2598,0.02928341415470817,0.12063829619160912,0.007292547171425383,-0.021495565317146914,0.051633380146667365,-0.008126042584714945,0.017548357995628094,0.021896480833990175,-0.006112516441274752,-0.02185805572206952,-0.004251837198752283,-0.016272421208419895,-0.013179948044179967,0.021580287603998695,-0.011089391158897692,-0.019152927453398704,-0.006455929437182517,-0.0018569123361852175,-0.0052053088548636075,-0.02225371329365284,-0.015784099913675735,-0.026489047330553243,-0.03394795808326671,-0.03634108971979187
proteochip_D0,proteochip_D0_TU014926CK_Slot1-21_1_3184.d,2672,0.06506459652815555,0.12244177239053085,0.01697111667703943,-0.022102675016106906,0.04892069507384464,-0.007566306713550935,0.005355427796860903,0.017848325662101993,-0.008294223444027108,-0.027749475243553565,-0.0050745628369815166,-0.02214814823738329,-0.020611886040690388,0.021053010497848513,-0.006300101894056408,-0.03277910252745906,-0.009184994118277527,-0.006947691352553587,-0.0064232070483972335,-0.013231818452976859,-0.016284504936288358,-0.02555126652420843,-0.029222148216986123,-0.038182832022883646
proteochip_D0,proteochip_D0_TU014927CK_Slot1-22_1_3185.d,2650,0.04617300260641856,0.11765698550300298,0.015863047785222427,-0.01843775538696674,0.041991597660381026,-0.00746598941089496,0.017842278645631624,0.021668692749757412,-0.008372995016753683,-0.02826866980315867,-0.005593288000621001,-0.01464306173087225,-0.008528862092422393,0.008193290772795752,-0.006861307954459795,-0.02285280266181448,-0.005305130953217362,-0.00128860985718077,-0.006683690585169378,-0.020767844821189776,-0.01644520798076725,-0.029243564972128176,-0.03249772887956146,-0.0361323856160311
proteochip_D0,proteochip_D0_TU014928CK_Slot1-23_1_3186.d,2501,0.015146512599048798,0.09305681596246639,0.010592771819539925,-0.02278563270063818,0.04987961034911081,-0.008801137770876108,0.02529251771955671,0.0202055084356132,-0.005866201303881172,-0.018447364254961265,-0.0013028632259586652,-0.0162135963151408,-0.01464221179486974,0.013245064555257214,-0.007283753977632486,-0.012961757338256722,0.004871400248600056,1.2212975279350344e-05,-0.0027439893078738662,-0.013049666406603357,-0.015646771734230697,-0.025389354651739134,-0.033328372033383784,-0.03383974184842597
proteochip_D0,proteochip_D0_TU014931CK_Slot1-37_1_3189.d,2665,0.0191988604695317,0.13237142261471763,0.011482258549772915,-0.01842724274218537,0.043000601459399476,-0.007698288469596103,0.019258548579581616,0.02143699354402276,-0.006667158009967794,-0.022405464610620273,-0.0035624029761087707,-0.01620622419402489,-0.0075208929840732495,0.00996660059492181,-0.007728677312772138,-0.019839927405475945,-0.0025553771141356204,-0.012738548630831376,-0.005475628261586469,-0.01899905448012112,-0.01344595302781998,-0.025759497828904757,-0.03143238648048548,-0.0362525612832381
proteochip_D0,proteochip_D0_TU014932CK_Slot1-38_1_3190.d,2675,0.021983468786834336,0.10530729455209975,0.0214734681313067,-0.019985071844689895,0.04054456303931017,-0.00578861647751488,0.017625017986096145,0.01964311848830398,-0.006202319331805071,-0.022474260739792355,-0.0008976040964379606,-0.020608534945897976,-0.009628963047423441,0.007278928885973189,-0.007998092702529892,-0.018459410499561374,-0.0026955974747776387,0.0002248223799049447,-0.0026903849040158597,-0.011800618145122212,-0.01451222483079859,-0.02580718038518999,-0.028757722790976614,-0.03577408003329482
proteochip_D0,proteochip_D0_TU014933CK_Slot1-39_1_3191.d,2525,0.03659007421192126,0.11349252708551952,0.025875080758160415,-0.01658313868624475,0.030944368882071038,-0.006190582804741315,0.008694175764512549,0.021385032279405827,-0.006050648012078356,-0.013181895986666267,-0.021978108420951475,-0.018976707005167417,-0.016825949888779647,0.025917176731470003,-0.0035584406458518346,-0.03313321250344528,-0.003629857477555453,-0.0015643090853744318,-0.006657844343829775,-0.009452440661739782,-0.014765167300127337,-0.02428314289739265,-0.027801248645097736,-0.03826574134801654
proteochip_D0,proteochip_D0_TU014934CK_Slot1-40_1_3192.d,2616,0.031763430843207034,0.13375214877650435,0.007935966085100638,-0.014331914992789754,0.03418738982804259,-0.008939395441689285,0.015656970791444232,0.023771609739386055,-0.0058024294809472365,-0.025549759166036072,-0.0029458786538378023,-0.017042918911687407,-0.016932295416508848,0.02843062195661842,-0.007741580403089429,-0.0334399027946035,-0.005560794364555218,-0.007222978864926503,-0.0047741126500938326,-0.01639734326895091,-0.016476177889505134,-0.02573199025992575,-0.031395448948296774,-0.03521321651285893
proteochip_D0,proteochip_D0_TU014935CK_Slot1-41_1_3193.d,2610,0.026748067003912898,0.1216824331427581,0.010364785062951158,-0.014704377704684126,0.043571619086696156,-0.008269906719973198,0.01964234173076146,0.024152201807904613,-0.010458639765446882,-0.017806894644783935,-0.005175633486036381,-0.010855410386770601,-0.016903818918267387,0.029799724964285554,-0.006674598011395395,-0.03511535207199589,-0.006709728340599803,-0.008225247078928709,-0.0043402602224959,-0.019456827753090735,-0.015234024244746992,-0.028786696102236567,-0.030933201979310643,-0.036310555368506185
proteochip_D0,proteochip_D0_TU014936CK_Slot1-42_1_3194.d,2562,0.02999792112665185,0.13009969301672264,0.010256229010841255,-0.01934527041514377,0.032343068708813955,-0.007215882092323127,0.01365560282554184,0.020356613522690054,-0.006159038048134236,-0.024548061557072308,-0.0021504279719680368,-0.018941290138042848,-0.009354814948706854,0.020910026882910906,-0.007391812905223606,-0.02097699779058054,-0.01082032486478453,-0.0018345746752015967,-0.007344666526107517,-0.014605094905902572,-0.013343429276794421,-0.024780135867426875,-0.032703828776615027,-0.03610350433414404
proteochip_D0,proteochip_D0_TU014938CK_Slot1-44_1_3196.d,2625,0.01631771522956936,0.12809933970052714,0.01674618517273896,-0.025238665306784345,0.03900145344634785,-0.012163408632451442,0.013601293482655197,0.017657885840629457,-0.015422433256597768,-0.021997264196638344,0.04648349655103877,-0.02543446400965274,-0.01843883777479546,0.007582629601185733,-0.008820136705811445,-0.021635651201119217,0.0010515993111487908,-0.0008294219710676166,-0.012745595019307438,-0.011386053043322244,-0.019014728841021386,-0.027670379126715352,-0.0310774468389737,-0.03466711241158177
proteochip_D0,proteochip_D0_TU014939CK_Slot1-45_1_3197.d,2078,0.05215899752942467,0.08652782252861299,0.031451235799548956,-0.021669749746449737,0.024871893009451626,-0.010066610679630671,0.02214089059278948,0.02034852781737662,-0.0025096194847217183,-0.0036336678223939634,-0.026711660484073745,-0.010906950770211159,-0.015442974642300777,0.0022450233335232633,-0.005820088650826144,-0.03018412361219109,0.0015559520485236799,-0.005421989392405953,0.0006181397747716639,-0.011262261978012568,-0.014658707989775532,-0.021185979964004543,-0.03062175493561862,-0.03182234228140618
proteochip_D0,proteochip_D0_TU014940CK_Slot1-46_1_3198.d,2492,0.014040521990728465,0.12583014108345092,0.012394878836076885,-0.008203402335855009,0.04214243607630647,-0.005704102650766806,0.021871978100472554,0.023695791411395703,-0.009226393651950581,-0.024577816606601702,-0.004423497864683435,-0.016576032441471825,-0.00864146511448305,0.005890040804764448,-0.011762417479079553,-0.02033975496332097,-0.003965811492862738,-0.0027647890180321744,0.0002129097743802166,-0.020521833240633905,-0.0115430398035955,-0.030013573058465522,-0.03124519620272457,-0.03656957215304764
proteochip_D0,proteochip_D0_TU014941CK_Slot1-47_1_3199.d,2117,0.017326261117715586,0.10352717819142127,0.018011963767482052,-0.0157165834665611,0.027202459608868867,-0.005553230544734598,0.016033826759623386,0.026209516606289975,-0.004543585679872986,0.004829320818815202,-0.024693189911328125,-0.001082962678248729,-0.01166664254094623,0.007391022830067525,-0.004485360085184771,-0.029519606086245414,-0.013103737448748012,-0.00789235293241059,0.008118833843873288,-0.01929180280334575,-0.010733568462601034,-0.023602964735760085,-0.028472093926856776,-0.028292702241312303
proteochip_D0,proteochip_D0_TU014942CK_Slot1-48_1_3200.d,2458,0.025060631453149938,0.10826148895088378,0.013002168256580387,-0.01713086984308276,0.03563013771687476,-0.008866313097183583,0.023690840998835866,0.02406237343966654,-0.00993328517081393,-0.01547836008572248,-0.006029916364469641,-0.01335432815837792,-0.017839916815733096,0.022753868923218293,-0.0030414413616578783,-0.03369325268331777,-0.0010680527735006668,-0.008379684175538936,0.0011868882298593573,-0.013316258464849613,-0.013450345387326885,-0.0279770047148224,-0.03214998937382153,-0.031939379498849216
proteochip_PFA,proteochip_PFA_H:\Perdu-Alloy Pauline\organoides fixes\TU014848CK_Slot1-01_1_3103.d,470,0.06738481619738457,-0.014096291295306958,-0.008922308631387113,-0.018566690574397776,-0.009228372794781958,-0.012208350323097764,0.018031616544558798,-0.02036046951735973,-0.00972248558732767,0.02468322589200383,0.04906156333881261,-0.007233323646818728,0.020738281523133544,0.016933427650513366,-0.021468715715424583,0.0215196024959332,-0.01861729186592601,-0.005928531887715226,0.0017864083039015053,-0.021586852983652555,-0.008151778992886084,-0.0037227752945275068,-0.023158355391382522,-0.01716634744424885
proteochip_PFA,proteochip_PFA_H:\Perdu-Alloy Pauline\organoides fixes\TU014849CK_Slot1-02_1_3104.d,681,0.07315155009911625,-0.013510163733174436,-0.02381593029866018,-0.01442754252915689,0.0034309130335015326,0.022507741523949656,0.006507123093737865,-0.021999601257529932,0.0011108999453588154,-0.01578199300124816,0.09644741648342434,-0.020930711079692455,0.0301050236912955,0.003770634613741105,-0.023746583883085533,0.007258216330288697,0.018493242514301435,-0.010797418952533099,-0.008834625469650251,-0.02490924335079496,-0.011465969333658937,-0.009069360903659129,-0.03282968992307374,-0.030663927612797178
proteochip_PFA,proteochip_PFA_H:\Perdu-Alloy Pauline\organoides fixes\TU014850CK_Slot1-03_1_3105.d,447,0.05119460024178087,-0.0156910685463153,-0.01336339195401544,-0.009195622393949115,-0.008776595542292884,-0.012233949065723951,0.021528870179791375,-0.019702062407126603,-0.010176049570709448,0.030628200381306505,0.04808886553988627,-0.004373701735858159,0.02552988811001848,0.002738081515649734,-0.020583282663901463,0.01764949284577063,-0.016292803913189133,-0.006113079644999868,-0.0031634884032043565,-0.020670255890334426,-0.008316252476628717,-0.0015854856706486883,-0.023113871461322145,-0.004007037473983845
proteochip_PFA,proteochip_PFA_H:\Perdu-Alloy Pauline\organoides fixes\TU014851CK_Slot1-04_1_3106.d,479,0.06534892620000525,-0.015805488798417953,-0.01248270147880912,-0.01783879822760185,0.01323672133370807,-0.013162923451361549,0.01656132004698718,-0.019136331366872768,-0.011872248709774285,0.02124444207527855,0.049295341599852764,-0.0051470033827443196,0.017557355337342533,0.014894105241907618,-0.022757290349656546,0.013482176067201755,-0.007728445754383131,-0.008340688047898734,-0.005741374849968926,-0.02165632240165123,-0.010908339197756354,-0.0022069863802984474,-0.02623808938940141,-0.010597356115687209
proteochip_PFA,proteochip_PFA_H:\Perdu-Alloy Pauline\organoides fixes\TU014852CK_Slot1-05_1_3107.d,505,0.06398379112365446,-0.012194598307479812,-0.014989533413240845,-0.017666376122942532,0.014042532565176897,-0.013179627191654065,0.016217070502359945,-0.0222690165190165,-0.010507109825376091,0.014214815266759802,0.049135881710877724,-0.009833158668470171,0.02054399775497073,0.015125921735161555,-0.021798808767361365,0.01623488648911237,0.0066902903754785265,-0.007227799971823451,-0.002823083723581245,-0.021306689847387685,-0.011289735045538056,-0.0074745488095302745,-0.028189303259246724,-0.015439798050903081
proteochip_PFA,proteochip_PFA_H:\Perdu-Alloy Pauline\organoides fixes\TU014853CK_Slot1-06_1_3108.d,479,0.06585932589585225,-0.01579199104951209,-0.013142756307992757,-0.015276088145046524,0.013440439912205945,-0.011992384806148695,0.013570520539711075,-0.019148081904851025,-0.011777809864218005,0.015020246502060942,0.053857726257013135,-0.006817594613189221,0.01627749422527948,0.010861299240418086,-0.02095904404595386,0.02318208161735977,-0.008440036163819066,-0.008303979086614796,-0.0052196862399336436,-0.021254416288571415,-0.009600052882235054,-0.005348078936526372,-0.028012796746507144,-0.010984337108780912
proteochip_PFA,proteochip_PFA_H:\Perdu-Alloy Pauline\organoides fixes\TU014854CK_Slot1-07_1_3109.d,440,0.05748696431833467,-0.01631891083903883,-0.019051036335060532,-0.01706493490605162,0.007717908264512242,0.0194986061030779,0.010839415546856242,-0.02052884968617063,-0.01203061820071558,0.007546790932144505,0.0997620694478724,-0.01381447658673764,0.013318967856571301,0.004512562080070752,-0.023184328887962544,0.003839195564642376,3.1313480013610115e-05,-0.009429566082326571,-0.0113455086464794,-0.022761304089792204,-0.013230279663654683,-0.006361751678846318,-0.02524947187272821,-0.014182756118530664
proteochip_PFA,proteochip_PFA_H:\Perdu-Alloy Pauline\organoides fixes\TU014855CK_Slot1-08_1_3110.d,458,0.0488534503414039,-0.012056695558083167,-0.01211663322873411,-0.019191921085352254,0.014737965079360399,-0.010843561016402506,0.023425420597346626,-0.02052117856035112,-0.011879717782516458,0.024286764460497757,0.04937862528779663,-0.003497678353361779,0.02031217416886676,0.0025701195935595284,-0.0210359218650061,0.015898405253630985,-0.0016582015919250903,-0.008687914709415061,0.0002840371798999144,-0.021236138007042847,-0.00970557452700735,-0.0062698448432947215,-0.02507090392681798,-0.015975076907051963
proteochip_PFA,proteochip_PFA_H:\Perdu-Alloy Pauline\organoides fixes\TU014856CK_Slot1-09_1_3111.d,270,-0.01980730750904973,-0.01816069866290687,0.007637227097571495,-0.004298574804601573,-0.012176019718942792,-0.011788795632322338,0.0017532906490336493,-0.01814540773510405,-0.014652221262067857,0.08512037180961483,-0.002796677282465882,0.018001412290240982,0.024693806383072846,0.0005388489150618224,-0.021474469861767775,0.0320772938393902,-0.020360247563481145,-0.00231910121802793,0.005468387057240971,-0.02043607618144779,-0.01349471828811272,0.004156056695096442,-0.016396737884392484,0.016860358868368088
proteochip_PFA,proteochip_PFA_H:\Perdu-Alloy Pauline\organoides fixes\TU014857CK_Slot1-10_1_3112.d,462,0.06102188350907517,-0.013866898260242694,-0.008732877716289361,-0.018232514052755517,0.01264718425926475,-0.012847921351110597,0.013264705688667165,-0.01873415414936181,-0.013143324605083405,0.024637138893965654,0.04927628179535341,-0.0036308899925734843,0.018316563568104047,0.013413378727355138,-0.022231027982786793,0.010209777197727437,-0.017926657419331186,-0.00837095688486051,0.0017295067814400305,-0.022829546898650376,-0.009028179902256035,-0.002980560009636679,-0.022304065284745288,-0.00965684591126874
proteochip_PFA,proteochip_PFA_H:\Perdu-Alloy Pauline\organoides fixes\TU014858CK_Slot1-11_1_3113.d,446,0.06519542715584703,-0.014997932156020471,-0.019720493780394838,-0.014630603941679919,0.006442843359356008,-0.010210688311585744,0.010115846369751496,-0.021077258645802205,-0.008102136487885502,0.01306604188307828,0.10602832113833667,-0.015414804835634177,0.021583338161684867,0.01101205082796616,-0.023177181157756167,0.010563012042549254,-0.021258798008223233,-0.00924643747305709,-0.0006906989173593962,-0.0228915117503178,-0.0069186033697311135,-0.008988365167677237,-0.027643573432768336,-0.019037793502676478
proteochip_PFA,proteochip_PFA_H:\Perdu-Alloy Pauline\organoides fixes\TU014859CK_Slot1-12_1_3114.d,338,0.035221291101941436,-0.01959773082567937,-0.010621961193626886,-0.013462356463939692,-0.01236058286310751,0.02673572329860276,0.010881626125877697,-0.018180143061613717,-0.01525605478227225,0.047785058410859005,0.046251504602650206,-0.00787984721391297,0.016405478423443063,0.013014765963658326,-0.022567962234912666,0.015500019317435559,-0.01759473887864464,-0.007065600996861857,0.00041842584224963803,-0.022537132349718176,-0.011435505769505118,-0.004759242871636575,-0.019378935322051035,-0.009516098259234147
proteochip_PFA,proteochip_PFA_H:\Perdu-Alloy Pauline\organoides fixes\TU014861CK_Slot1-25_1_3116.d,580,0.07828646484531465,-0.011186546588083733,-0.016818472650573447,-0.012063835074762483,0.008101106346285799,-0.008872292508278612,0.008333176416809633,-0.021471255241937624,0.004901774977140578,-0.008586828375072943,0.04464916727368437,-0.01593279368041492,0.037882840149355196,0.009160276729716324,-0.02246313865581897,0.004358875206744651,0.027139302056897265,-0.008738782168089035,-0.0014350046025783535,-0.023502558608272998,-0.0072656352998688,-0.008788371241947377,-0.029885025715797032,-0.025802443590452123
proteochip_PFA,proteochip_PFA_H:\Perdu-Alloy Pauline\organoides fixes\TU014862CK_Slot1-26_1_3117.d,501,0.06416852985201027,-0.013938126376194125,-0.01455043743770619,-0.01815182010675402,0.011238041198389484,-0.013542719131223705,0.016050962745546477,-0.01972824816992528,-0.009268618906819126,0.015924376893561888,0.04652431066818969,-0.006942893574726604,0.018992784522765926,0.014876842713865182,-0.022827594683378947,0.013110045227390982,0.0034191228122868716,-0.00933980084592589,-0.0048641824691194255,-0.022599755612551217,-0.008100806455070704,-0.0030531826339051183,-0.024546448119560464,-0.012850382111145874
proteochip_PFA,proteochip_PFA_H:\Perdu-Alloy Pauline\organoides fixes\TU014863CK_Slot1-27_1_3118.d,472,0.06843484994284701,-0.0185601047499351,-0.009679897299739693,-0.019671389713234243,0.012351991902483189,-0.013978446629805838,0.007437273904558714,-0.018540067663405473,-0.009248182348133242,0.015354439719524021,0.05142573075899682,-0.007209906718575892,0.018889180674306293,0.018221131932347406,-0.022160323460856626,0.011464211150586727,-0.004210914016700808,-0.008656007200441981,-0.0017976930619998863,-0.020573872322941958,-0.007806959260438779,-0.005439395515168041,-0.02553338743885616,-0.010512262585416508
proteochip_PFA,proteochip_PFA_H:\Perdu-Alloy Pauline\organoides fixes\TU014864CK_Slot1-28_1_3119.d,573,0.058144613703389095,-0.0146294640767769,-0.014903809094824244,-0.01660821133162966,0.008268961105683856,0.019672806552404845,0.015071530063323648,-0.02184922500956057,-0.014885790434957403,0.006377302978684809,0.10430720326489525,-0.0126813760289239,0.015598061620513583,0.009402113164594833,-0.023900032182315106,0.011816705339870219,-0.011998311601217846,-0.009010969489486563,-0.012314700071943173,-0.02459406049733344,-0.014158003259227817,-0.006832502255676061,-0.029412442083320754,-0.020880400376166255
proteochip_PFA,proteochip_PFA_H:\Perdu-Alloy Pauline\organoides fixes\TU014865CK_Slot1-29_1_3120.d,470,0.04795568912067124,-0.016156723610535002,-0.011427267106077657,-0.017564127455549403,0.009464906497289345,0.025029351784480444,0.017715463250733005,-0.018760368205639377,-0.012582460395920331,0.02426614179957006,0.045063967241379406,-0.008801537584383302,0.023752657624497242,0.003394369111569026,-0.021758608896527896,0.009106768952582625,-0.005496690174818042,-0.00788018929465536,-0.003503542726834227,-0.023242462710655165,-0.012293938474547418,-0.005770733918003565,-0.025758960257957465,-0.014751704570667766
proteochip_PFA,proteochip_PFA_H:\Perdu-Alloy Pauline\organoides fixes\TU014866CK_Slot1-30_1_3121.d,536,0.07562518297322401,-0.015195531025081671,-0.019876064957260554,-0.012697569600714966,0.011294348982185773,-0.008155980131618381,0.010335142539493542,-0.021560289994911573,-0.004407087873653651,-0.003367068748754991,0.04325261594469956,-0.012788779727775899,0.024556988813690474,0.011035914776916667,-0.022086057318882607,0.001288481961912965,0.03716339532652351,-0.008196401942625251,-0.0020052067659912113,-0.02304135254932002,-0.007054465884659309,-0.005431378394916685,-0.03020572260331407,-0.018483113799165583
proteochip_PFA,proteochip_PFA_H:\Perdu-Alloy Pauline\organoides fixes\TU014867CK_Slot1-31_1_3122.d,503,0.03318187530072736,-0.012013093780645207,-0.011725418684817294,-0.018178944973424753,0.01472631813973135,-0.011356285590944823,0.013826169619315631,-0.0210436525503996,-0.011278312235268253,0.023637124581233165,0.04806971793577875,-0.0043474902552752,0.01646849079348314,0.015374407760768273,-0.021992396518603394,0.021681730744825746,0.007001201147107809,-0.006286339222842403,0.003355373884614915,-0.02253775263587804,-0.009582885009228376,-0.007122812220559816,-0.025241435630250848,-0.014615590599447888
proteochip_PFA,proteochip_PFA_H:\Perdu-Alloy Pauline\organoides fixes\TU014868CK_Slot1-32_1_3123.d,473,0.037286869205453266,-0.013569329101555429,-0.006256181103255595,-0.011700360553142867,0.016523522140877187,-0.01161543775227335,0.023380768612099406,-0.02005507592369934,-0.009496450284801597,0.025230156409493377,-0.003724276951020994,-0.0022978867284595412,0.023217580480997452,0.016341820793703603,-0.02210525902545784,0.01885922546138108,0.0032495647496845843,-0.006580528409397997,-0.002534146078666614,-0.01925973137598724,-0.009188406363649301,-0.0016103534466657859,-0.023326440338510005,-0.0007696444171466574
proteochip_PFA,proteochip_PFA_H:\Perdu-Alloy Pauline\organoides fixes\TU014869CK_Slot1-33_1_3124.d,498,0.06622182533832568,-0.016653809381923745,-0.015555341878701863,-0.01632691572058126,0.01144942383884971,-0.013711350120874674,0.007691201656548511,-0.02018653167983117,-0.008467502981360306,0.016116984837748143,0.04846499418658797,-0.004851696656845558,0.022269317208978248,0.013869026215417342,-0.022202198395260532,0.011980640657117233,0.002858677308788724,-0.008529572449877745,-0.004600322173714044,-0.02179889956772334,-0.009088739333393516,-0.003821110648928581,-0.0238239484696275,-0.01130415178971764
proteochip_PFA,proteochip_PFA_H:\Perdu-Alloy Pauline\organoides fixes\TU014870CK_Slot1-34_1_3125.d,500,0.0657231951406658,-0.015850286061429596,-0.01530953163086971,-0.014134626538808086,0.014564621198829062,-0.013092450661380288,0.016844132900148964,-0.021895392445360946,-0.010901797121235275,0.02596880706586859,0.04752207936145787,-0.00491545910045874,0.02205100146715321,0.015678841015258817,-0.022243906279140618,0.022672695218002418,-0.007223240712020325,-0.007937904338236946,-0.0045423504526702,-0.021382125600676948,-0.010110800280992814,-0.021993731759115655,-0.025228971939018078,-0.014262798445970485
proteochip_PFA,proteochip_PFA_H:\Perdu-Alloy Pauline\organoides fixes\TU014871CK_Slot1-35_1_3126.d,551,0.06603144878505926,-0.016873543072017504,-0.014791013154804453,-0.016800346905032907,0.01121968976376528,-0.013387688387326927,0.008884337801727473,-0.019699285960466367,-0.011190860679543637,0.009028924581575708,0.04605270086880905,-0.006995047869693068,0.017037432019036597,0.012144242479308811,-0.023096766046391895,0.005524932830769062,0.04831789777081537,-0.009357665824394908,-0.004188654880277854,-0.021618985008254172,-0.01116087683933276,-0.007229989320227113,-0.027093427303576924,-0.020757455649526062
proteochip_PFA,proteochip_PFA_H:\Perdu-Alloy Pauline\organoides fixes\TU014872CK_Slot1-36_1_3127.d,478,0.07776003094559221,-0.010927471131415427,-0.020369561914264818,-0.01135582486200581,0.008444944950674542,-0.00954673278500365,0.011933521300993271,-0.020122944363407908,0.00508885528667306,0.010443762869922185,0.043876295056320076,-0.012187129806693323,0.04187939483998157,0.010269921429055466,-0.021840160162912056,0.005327020239293078,-0.010448900255499207,-0.00971868280718392,-0.003764723021038222,-0.023490293795500276,-0.006031431035056307,-0.007754487871690355,-0.02708401750201869,-0.020381385604815547
proteochip_PFA,proteochip_PFA_H:\Perdu-Alloy Pauline\organoides fixes\TU014874CK_Slot1-13_1_3129.d,0,-0.01779398308998407,-0.020817372923144367,0.012248221439183011,0.006890004220200549,-0.020093191738052445,-0.019405434079998188,0.0074134563747947045,-0.013494402253716214,-0.016720935282598697,0.1671418469065564,-0.01711097854976472,0.03285896889908413,-0.011300179960218476,-0.020187549860738473,-0.02057805428379077,0.0031423928997502603,-0.016993603765824605,-0.017793567823629185,-0.002814392447861819,-0.015425323136625244,-0.020326184423144038,-0.003082247712335029,-0.007558480868748258,0.03180099146060541
proteochip_PFA,proteochip_PFA_H:\Perdu-Alloy Pauline\organoides fixes\TU014875CK_Slot1-14_1_3131.d,382,0.06424122114334709,-0.016768763054760057,-0.007573286459374421,-0.012221903389733842,0.012502905597354988,-0.013234321980224685,0.004396651658812882,-0.02042101209754926,-0.013628544985283226,0.04184913020754405,0.04771360410875252,0.0029499788432429,0.012055372083867194,0.011564545254554356,-0.022889525599453325,0.012976922929163085,-0.011881529298263587,-0.007805438038229061,0.0004501564152185043,-0.021777969220785013,-0.011326364751950847,-0.018831320398277066,-0.022032195948521596,-0.010308313019451695
proteochip_PFA,proteochip_PFA_H:\Perdu-Alloy Pauline\organoides fixes\TU014876CK_Slot1-15_1_3132.d,319,0.0490068600502339,-0.019036694504857617,0.00034455106970551595,-0.011992228317631139,0.007339898380410805,-0.010862290300780737,0.009273335838557209,-0.0178280177307221,-0.009397298989055985,0.05921102806064622,0.03601818234595388,0.0032985293300619675,0.006114901544305234,-0.009166124665144736,-0.02158175360321356,0.004716862742768071,-0.020985368330547538,-0.0050522382381072905,0.014142642597138131,-0.023591170893563353,-0.009852812311335581,-0.016091792934443936,-0.014376903569815861,0.00034790242943846106
proteochip_PFA,proteochip_PFA_H:\Perdu-Alloy Pauline\organoides fixes\TU014877CK_Slot1-16_1_3133.d,381,0.07345563883243647,-0.01680584661564683,-0.009933525824103378,-0.007162627867943141,0.012267613291722494,-0.006856306558381832,0.015038730789532518,-0.01900813399983444,-0.007536439756013644,0.03189680350442706,0.04228137379665565,-0.002572807817576805,0.005015546938048792,0.009632253278577434,-0.02321934181786051,-0.002013479516112384,-0.013413609201518479,-0.007078520813774995,0.006873224600974655,-0.022222264126815962,-0.00701861192449945,-0.01934678901978615,-0.021937020518885648,-0.010335859653621262
proteochip_PFA,proteochip_PFA_H:\Perdu-Alloy Pauline\organoides fixes\TU014878CK_Slot1-17_1_3134.d,355,0.06650860435438789,-0.01847119076050707,-0.004891786703324647,-0.00971444577270077,0.017112146736764516,-0.010434920915018592,0.006731602336213514,-0.018427578002865503,-0.010786563105158985,0.05407901933469342,-0.008545803878047117,0.0042909007576436625,0.004096640678320548,0.017150235847026643,-0.021515870225188808,0.0020550454808867876,-0.009304701065085663,-0.006334031269958766,0.005941010141497119,-0.01872353892744501,-0.009652407973687238,-0.014481974358003533,-0.015951976635277705,-0.0007284160751648715
proteochip_PFA,proteochip_PFA_H:\Perdu-Alloy Pauline\organoides fixes\TU014879CK_Slot1-18_1_3135.d,311,0.049267445520921244,-0.016224504268359512,0.001150427372413718,-0.012674158171452848,0.021201999380009436,-0.009606761703601809,0.03144499414959325,-0.018716159230539195,-0.011446001132698277,0.05854587308233606,-0.008954707746215118,0.0019530942887651512,0.004068723675011639,0.0017229523972152082,-0.022102874994000803,0.004635028241377493,-0.004559713564743672,-0.00551369829522512,0.006210694462163512,-0.017180546646491324,-0.010436955623335074,-0.02065889188733343,-0.017910763414035486,-0.004215495891775075
proteochip_PFA,proteochip_PFA_H:\Perdu-Alloy Pauline\organoides fixes\TU014880CK_Slot1-19_1_3136.d,335,0.06451902461804654,-0.014342112577890585,-0.004950190698249776,-0.014360692416549841,0.019049978100816475,-0.010740732830068649,0.022201081594499617,-0.014942742882750198,-0.011047583730117213,0.059635585376962764,-0.00966298538653836,0.0033292367729746072,0.003274064135160029,0.0160665813533027,-0.022206416722599338,-0.004109576249348262,-0.00983197696500549,-0.006758201979360143,0.0017117715489356974,-0.017472608898151644,-0.009981235435624791,-0.018150696012709175,-0.01914744472984675,-0.0020821259858881756
proteochip_PFA,proteochip_PFA_H:\Perdu-Alloy Pauline\organoides fixes\TU014881CK_Slot1-20_1_3137.d,321,0.048564498613586526,-0.01644896503815595,-0.003931578574021919,-0.015758970461647998,0.020778846855471288,-0.009666368204550475,0.027116999518981125,-0.014947778477251115,-0.009563956371753982,0.06859164085764557,-0.009184955230538605,0.0036866851675462393,0.005765547599579739,0.000569727703999335,-0.021628205607573277,-0.0011432790093553412,-0.005349251879161288,-0.02042960606809221,0.010043374384929145,-0.016510605787387844,-0.009921535355379017,-0.015827055599004422,-0.016446551099356645,0.0016413420614912256
proteochip_PFA,proteochip_PFA_H:\Perdu-Alloy Pauline\organoides fixes\TU014882CK_Slot1-21_1_3138.d,348,0.06526731241082237,-0.018204062715945674,-0.00639196963610421,-0.010964222294644797,0.018177028710047328,-0.010454201227369403,0.024047414461240025,-0.01646198824165875,-0.01128760127032262,0.06998900353218449,-0.008797878081265031,0.008459384859451231,0.004649681871373959,0.01577492418382549,-0.021625487763205723,-0.005803379682427886,-0.02059632193728421,-0.006790868774994758,0.0002865058957555517,-0.01726364199662057,-0.010605208150150477,-0.017504521216248833,-0.018572822491878395,-0.005327080444579114
proteochip_PFA,proteochip_PFA_H:\Perdu-Alloy Pauline\organoides fixes\TU014883CK_Slot1-22_1_3139.d,338,0.06260879361380844,-0.0155658709356036,-0.0009660774329222408,-0.009245133785385828,0.016973094444076613,-0.010316087403716657,0.020830597910661438,-0.0179304178929476,-0.011347538073884944,0.06249864610354601,-0.009662927656704278,0.000703184955104536,0.003532024427152237,0.018197114149015942,-0.021842858710347104,-0.002642300387019897,-0.020374042855484043,-0.007139512567860853,0.005490342101204092,-0.01904528635904697,-0.0102556646810912,-0.015915610127830902,-0.018424359568904144,-0.00016010926581905554
proteochip_PFA,proteochip_PFA_H:\Perdu-Alloy Pauline\organoides fixes\TU014884CK_Slot1-39_1_3140.d,436,0.0662817493435253,-0.01746675755220443,-0.003132511958554707,-0.018343651948380255,0.014055115858465927,-0.012532470139837812,0.013240392005492912,-0.020561675087566154,-0.0127301375352635,0.031116569775612,0.05057478270718109,-0.0030022499812771323,0.012103543137286918,0.01693059881779993,-0.022311499855141234,0.013281302415385653,-0.009898040240071614,-0.007157614485731996,0.0038063614709336257,-0.02134040062493164,-0.010676508595798027,-0.02333449706400728,-0.02236231431643006,-0.01654008614648771
proteochip_PFA,proteochip_PFA_H:\Perdu-Alloy Pauline\organoides fixes\TU014885CK_Slot1-40_1_3141.d,340,0.06268253894406627,-0.016497919537929083,0.0008883673161315212,-0.012497474918904882,0.015693090967725077,-0.01191161585555168,0.010415443379812725,-0.017595977950706804,-0.012681155474851111,0.05837556233990486,-0.006273514541316305,0.004340277003781564,0.018466673032712728,0.01410922427060336,-0.02184836784461913,0.013967094316672557,-0.021298126248191974,-0.00814641826782989,-0.0005993361655455119,-0.01913472085471099,-0.010005376498311873,-0.015711893357191878,-0.020120687269794678,-0.004615686785955052
proteochip_PFA,proteochip_PFA_H:\Perdu-Alloy Pauline\organoides fixes\TU014886CK_Slot1-41_1_3142.d,291,0.069012115670072,-0.020891145340762272,-0.0017091952625042349,-0.012900767395017432,0.0100637479535328,-0.011736908808266685,0.010257614040316594,-0.016845897912872627,-0.012222468329966213,0.06629874327628955,-0.014434138842488559,0.008783871203739576,0.01848340536816111,0.0064902360921095595,-0.021800044391857277,0.01984933492225069,-0.021114043887185033,-0.020800035810553962,0.01095810676669319,-0.016835572706555692,-0.010108277151468658,-0.018630725696404726,-0.01796546463798183,-0.002202489119280143
proteochip_PFA,proteochip_PFA_H:\Perdu-Alloy Pauline\organoides fixes\TU014887CK_Slot1-42_1_3143.d,347,0.07142150608927107,-0.0202438493888109,0.003302702804051465,-0.007312188803200464,0.011226635859503346,-0.010085849859065653,0.009950337927218793,-0.017397593151528095,-0.011136207180350369,0.06542253988012005,-0.0177258590376899,0.009139177386542076,0.0077034123037737455,0.007626772299840783,-0.022173566753248598,-0.003432334313169624,-0.0200024804454379,-0.006306799701151941,0.010996078159496252,-0.01811411017748083,-0.0096573464691165,-0.015421475590657104,-0.01579684536324784,-0.001982656475661864
proteochip_PFA,proteochip_PFA_H:\Perdu-Alloy Pauline\organoides fixes\TU014888CK_Slot1-43_1_3144.d,357,0.06758629303293484,-0.015224426202613163,0.004142789877861116,-0.015662765684945193,0.013509891573108019,-0.009943689010870466,0.015698847486273104,-0.01706415400773808,-0.009769193667366224,0.062117813297300796,-0.017163638369348814,0.010329175520584941,0.005749637950214812,0.008724104327953522,-0.021904940271382692,0.0002489735972532988,-0.01994508555514362,-0.004908041049027855,0.01290908376317596,-0.016833216877291182,-0.010411734515158522,-0.019086095648072447,-0.01786212607956176,-0.0052375034881405515
proteochip_PFA,proteochip_PFA_H:\Perdu-Alloy Pauline\organoides fixes\TU014889CK_Slot1-44_1_3145.d,378,0.067929120516359,-0.015505957784692779,0.0013555958263733688,-0.014968203718571913,0.011498316654497133,-0.011592641277395151,0.010694360114098772,-0.01768821444935818,-0.011329114892517122,0.047805749958642826,-0.01501826823917228,0.0009005132648493273,0.0196298463934665,0.00677141298053304,-0.021749487181261375,0.023279224436427482,-0.021695147596857502,-0.004960966295784083,0.008081747880630949,-0.017375200824123912,-0.009314952008081625,-0.017693917622282736,-0.019310325761529596,0.0002565096257495218
proteochip_PFA,proteochip_PFA_H:\Perdu-Alloy Pauline\organoides fixes\TU014890CK_Slot1-45_1_3146.d,386,0.06513032945896026,-0.015473543172163918,0.0011908217867988363,-0.01653732514878388,0.006063159782444816,-0.012148416395372124,0.006196559287673088,-0.018216383826257468,-0.013066592397510656,0.04157525945149503,0.03973752624095887,-0.0016733835791375258,0.014700760245908136,0.00520008385612242,-0.020961145211100984,0.014500643219902295,-0.02167280641864491,-0.0066156362243882695,0.008057433125275069,-0.02054111668640734,-0.009864445907066154,-0.01841714541842673,-0.021728785504824544,-0.005435850565454156
