Genes	S:\Proteomics\CMB\CMB-1515\T063417_AurEl7_PM7_CMB-1515_9_GD6_1_10072.d	S:\Proteomics\CMB\CMB-1515\T063423_AurEl7_PM7_CMB-1515_6_GD3_1_10078.d	S:\Proteomics\CMB\CMB-1515\T063425_AurEl7_PM7_CMB-1515_5_GD2_1_10080.d	S:\Proteomics\CMB\CMB-1515\T063427_AurEl7_PM7_CMB-1515_4_GD1_1_10082.d	S:\Proteomics\CMB\CMB-1515\T063429_AurEl7_PM7_CMB-1515_3_GC8_1_10084.d	S:\Proteomics\CMB\CMB-1515\T063431_AurEl7_PM7_CMB-1515_2_GC7_1_10086.d
A2M	9940.45	8820.36	8805.84	5076.14	6846.06	1848.58
A2M;PZP	7632.69	7510.54	7901.32	7555.61	5026.96	5216.49
A2ML1	4052.27	22254	23306.4	25297.1	16285.2	35864.3
ABI3BP					19265.3	
ACP1	4739.73	2307.28	5301.07	5227.86	5368.1	4386.77
ACP3		667.65	735.505			642.366
ACTB;ACTBL2;ACTC1;ACTG1;ACTG2	626791	393238	586592	474470	960346	272199
ACTB;ACTBL2;ACTC1;ACTG1;ACTG2;POTEKP	363769	468819	702757	693775	714704	460772
ACTB;ACTC1;ACTG1;ACTG2	745734	620844	1.16557e+06	1.13087e+06	1.58641e+06	580710
ACTB;ACTC1;ACTG1;POTEKP	63006.9	258090	792492	148140	622582	
ACTB;ACTG1	354436	673435	1.16663e+06	888352	1.43653e+06	472325
ACTB;ACTG1;POTEKP	215620	90145	194885	112876	326955	45680.1
ACTC1	339711	75348	275010	178918	469856	132595
ACTC1;ACTG2	1.27722e+06	968262	2.13849e+06	1.82448e+06	2.7059e+06	1.27536e+06
ACTG2	161585	316735	914237	302625	860569	
ACTN1	64851.5	20968.8	34454.8	55213.7	50333	37162.4
ACTN1;ACTN4	64847.3	37736.6	61295.1	49977.2	82201.2	27587.8
ACTN4	30784.1	24488.9	47022.2	36917.1	104736	13871.4
ACTN4;SPTBN4	10281.2	4109.79	14589.3	6006.62	15514.5	3492.08
ACTR1A	2566.04		537.922		297.961	
ACTR2	8468.38	8155.42	9628.25	6205.96	12254.5	
ACTR3	4081.88	6813.79	2265.24		5061.91	
ACTR3;ACTR3B	5798.63	4090.61	7422.52	5987	8493.92	1839.89
ADD3	2890.14					
ADH1B	25770.9	2853.15	8600.75	28447.6	17679.6	5870.85
ADH5	6878.01			6522.89	6937.06	
ADIRF	19878.5		4992.31	11516.7	11756.7	5203.85
AEBP1	22881.4	11523.6	10424.5	3599.37	17865.9	
AHCY	4177.58	11418.8	13805.9	16122.7	8968.29	9862.92
AHCYL1;AHCYL2	2923.47					
AHNAK	25502.1	20493.8	27761.6	21798.1	23044.2	24359
AHSG					5197.76	
AKAP12	3155.1					
AKR1C1;AKR1C3	7016.57			7177.25	3942.59	
ALAD			7281.86			17180.2
ALB	190787	346052	746545	484007	746797	248940
ALCAM	1002.17		470.02		1019.55	
ALDH1B1		3127.02	743.145			
ALDH2	5355.11			4942.96		
ALDH6A1	4976.55					
ALDH9A1	6875.15	11268.8	15274.4	7373.23	8534.26	6722.32
ALDOA	22102.6	58050.8	23715.5	38439.8	22639.9	16236.9
ALOX12B	15079.4	41549.5	37828.4	54551.4	27535.1	52222.2
ALOX12B;ALOX15B		10028.7	10225.3			10849.7
ALOXE3	5843.51	18250.7	12879.8	12576.9	6097.59	22858.3
ALYREF	3176.34		1525.15		1197.04	
AMBP	24893.6	13553.6	25911	19428.5	28737.4	13673.8
AMY1A;AMY1B;AMY1C		18401.4	9884.65	12925.8	5603.08	3317.05
ANGPTL4	7509.6					
ANXA1	36353.9	96946.2	23292.3	30753.8	25558.6	16062.6
ANXA11	4778.6	7194.18	8679.12	5748.98	10091.4	11625.6
ANXA2	25585.2	70896	70041.3	53977.9	39415.8	45207.7
ANXA2;ANXA2P2	91152.7	93466.3	105374	90924.7	84695.8	98875.3
ANXA4	33163.8	13133.7	31232.2	24044.1	46274.6	11249.5
ANXA5	137177	51112.5	59178.1	93773.8	94555.3	41190.5
ANXA6	21265.1	6443.35	23906.4	20056.7	27739.1	17236.4
ANXA7	5800.77	6118.57	8365.66	8685.48	12469.5	5952.07
ANXA8;ANXA8L1		1699.06	1978.2		2500.58	
AOC2;AOC3	83965	14430	26089.6	99412.9	31779.1	48671
AOC3	569167	36710.5	167104	318106	177875	147649
AP2B1	3163.28		5879.43		6352.21	3779.42
AP2M1	1678.67					
APCS	413120	28305.8	98967.5	60481.2	199833	21718.5
APEX1	4151.87					
APOA1	29644.5	6797.43	41690.2	28737.2	59554.1	12875.2
APOA2	6935.91		10965.7	5943.31	12589	3217.07
APOA4	3797.32				1575.41	
APOC3	6667.41		7155.74	3616.62	5024.07	
APOD	20375.1	57975.1	101706	59157.1	36585.3	71331.9
APOE	98284.2	5587.57	20673.9	9160.6	35667.5	7915.29
APOH	2314.88	3139.22	10121.1	3310.26	12333.9	
ARF1;ARF3	1998.81	3419.5	2311.46	2364.06	4838.63	2461.01
ARF1;ARF3;ARF4	9493.21	9166.37	5046.13	16758.8	10599.2	10898.4
ARF6		1616.28				
ARG1	13247.5	146707	166305	86461	81182.5	138349
ARHGAP1	4503.49	6245.67	3001.29	4261.52	8925.45	
ARHGDIA	2953.61	6228.07	3614.8	4734.56	3072.29	4016.88
ARPC2	13863.8	10646.8		6697.55	7641.75	1824.53
ARPC3	878.603		1263.77	2885.89	807.861	3119.67
ARPC4	5388.3	11593.7	15174.7	17149.1	21415.1	8820.97
ARPC5	14093.6	15900.2	21913.1	14638.9	22916.9	6533.79
ASAH1	6587.66	18026.1	14323.5	18659.9	9629.42	42507
ASAP2					6108.26	
ASPN	15808.6	8368.04	14966.7	4981.83	27195.5	
ASPRV1		2969.21	7257.6		3695.57	4517.47
ASS1	3143.17			5335.73		
ATL3	4138.65	1067.5	2704.13	1653.87	1598.12	1193.13
ATP1A1	3858.72		2297.75		1618.53	
ATP1A1;ATP1A3	2882.24				2453.45	
ATP2B4	4197.61		1891.97	3775.26	3895.62	
ATP5F1A	46339.5	11886	27113.6	26634.9	39762.2	17525.8
ATP5F1B	371046	12247.9	202659	22957.2	773869	17878.5
ATP5F1D	6052.28		2713.08			2417.16
ATP5PD	5377.58				4626.73	
ATP5PO	3724.1	3160.66	3374.1		6226.71	
AZGP1	19126	159053	112928	107583	80350.9	230170
B2M	5525.41	4171.83	3906.18	7735.79	3368.11	4633.89
BCAM	29976.1		17199.4	20962.4	17118.9	11869.8
BGN	279473	184858	167247	159457	218901	37968.4
BGN;DCN	154204	63937.1	61245.2	85631.8	92496.3	16353.4
BLMH	13595.2	55043.1	52289.8	43142.5	26283.1	92296.1
BMP3;GDF10	4341.19					
BPIFA1		2377.94	6810.94	5243.45	1647.59	1781.69
BPIFA2			5335.44			
BPIFB1			1937.38	763.136		
BTN1A1				23804.7		
C11orf54					2453.59	6472.08
C1QA	28045.3		25952.4		82977.1	
C1QB	27833.8	24761.4	29115.8		91061.7	
C1QC	24572.3	12566.5	17827.6		55768.4	
C1QTNF5	168033					
C3	32812.1	17550.8	48121.8	38015.8	46747	10495.8
C4A;C4B_2	19661.6	7403.93	22568.8	18920.6	25846	4713.56
C4B_2			8253.84	4807.72	18651.3	
C5	22566.9				8976.85	
C6	6331.35		2113.48		8518.67	
C7	6643.41		618.367			
C8A	13854.4		5895.82		6995.02	
C8B	17725.7		4286.71		4659.04	
C8G	14883.1		5101.15		7373.77	
C9	164962	54376	53533.5	64469.6	140898	33272.6
CA1	5246.72	4729.65	6684.11	18511	10037.1	5870.52
CALD1	32528.1	23320.4	40448.6	34911.7	83164	17521.7
CALM1;CALM2;CALM3	9732.09	3650.73		5758.74		
CALML3	3273.76	5819.66	16865.3	7586.34	4698.63	8564.64
CALML5	62278.2	76860.2	120685	104813	64671.4	103822
CALR	6539.98	16332.3	14166.8	20724.9	11152	8636.87
CAMK2B;CAMK2G	4106.11		3366.95		3985.56	
CANX	4787.66				2560.64	
CAP1	2193.9	4755.11	4011.17	5976.8	3280.56	2401.08
CAPN1	19937.7	34956.1	36863.1	34443.9	21680.5	68015.7
CAPN2	8962.68	3450.93	3580.47	7857.92	4047.76	
CAPNS1;CAPNS2	6970.38	14308.6	10875.1	13815.9	9874.68	14095
CAPNS2		3507.72	4588.22		2780.97	6678.8
CAPZA1		3782.85	1805.67		2143.28	1722.71
CAPZA1;CAPZA2		3826.43	5769.19	5764.58	5768.7	2365.77
CAPZA2	3162.94		6869.38		7931.11	6496.79
CAPZB	7609.22		11965.7	7421.79	8982.43	4832.43
CASP14	25986.6	162527	113056	93282.5	82017.7	210910
CAT	25374.7	49369.7	114255	73327.5	48407.3	141182
CAV1	43202.7		15782.3	32830.1	26732.5	11841.7
CAV1;CAV3	19711.9		9531.86	14676.6	19082.5	7154.6
CAV2	4950.12			4880.39	3394.33	2139.38
CAVIN1	68042.3	5286.6	43030.5	57582.5	62035.6	32008.8
CAVIN3	35857.2		35223	41301	40574	14385.9
CBR1;CBR3	4485.92	1233.48	1602.85	3428.93	3970.38	
CCDC3	9653.1					
CCN2	7622.46		398.133			
CCT7	1418.97	1555.73	1625.16	2927.5	1972.14	
CCT8	3966.56		3240.12	8218.88	6366.99	2697.96
CD14		1389.04		2162.89		
CD151	3821.22		1893.28	1352.7	2504.1	814.352
CD47	7917.34					
CD59	6257.59	4410.84	3805.11	4687.59	4545.55	2583.9
CD9	10070.6		4350.57	4162.01		
CD99	3386.74		1935.4	4286.42	6154.2	
CDA			1349.93		4352.16	12826.2
CDC42	2612.71	1857.58	3108.31	3415.75	3288.71	2108.3
CDH13	4671.34		6230.31		12076.1	
CDSN	5644.51	58069.7	83141.1	43805.8	24094.8	103365
CEL				40879.7		
CFB			6876.46		6699.83	
CFH	5680.8	4450.45	8465.84		7690.47	
CFH;CFHR1	10316.1		13182.7	5738.25	18275.4	
CFH;CFHR3	6289.86		6501.24		5185.6	
CFHR1	11048.3	3626.1	10110.9		16198.3	
CFL1					2075.59	1841.39
CFL1;CFL2	22378.7	24344.3	24768.3	26678.7	29454	10836.7
CFL1;CFL2;DSTN	6358.59	5682.86			11354.6	
CKB	52568.5			26588.5		35540.4
CKM		26809.1	3882	12479.6	4568.67	
CLEC11A	3671.73					
CLTB	4862.55			5317.53	4816.84	
CLTC	5886.14	4527.36	6378.44	5652.11	5838.94	4223.32
CLU	105532	8825.61	64614.4	19695.3	73820.6	15183.5
CNN1	63937.4	29388.4	64900.7	80612.1	82866.9	35879.3
CNN2	2909.31		9691.35		17617.7	
CNN2;CNN3	2438.04	6620.49	7898.43		13339.7	
CNN3	3843.75	5690.84	12362.3	2556.35	13806.5	
COL11A1	56111.8			20311.2		
COL11A1;COL5A1	26649.7	8133.79	11834.7		24659.1	3789.67
COL12A1	20101.1	11150	14093.3	5153.74	28491.7	4772.23
COL14A1	90013.9	44820.8	68775.3	64092.7	93654.6	17574.3
COL15A1		4492.31	665.377			
COL18A1	342053	54429.5	124009	81125.9	151666	44797.7
COL1A1	2.66028e+06	923104	1.40379e+06	2.68104e+06	2.6997e+06	331031
COL1A1;COL2A1	12390.1	3056.69			9742.12	
COL1A2	2.58707e+06	1.13056e+06	1.7356e+06	2.99443e+06	2.82432e+06	383307
COL21A1	49188.3	12437.2		10533.2	22278.1	
COL28A1	4701.68					
COL3A1	1.83183e+06	508608	565326	1.18444e+06	1.46461e+06	178950
COL4A1	113158	16514.5	53043.2	46795.2	56902.1	24360.6
COL4A1;COL4A5	678161	54877.2	272216	221760	268126	168509
COL4A2	768512	54389.2	280507	259876	397126	165347
COL5A1	306885	59648.7	58348.2	76380.5	98504.3	23054.2
COL5A2	20766.5	6155.05	11335.7	13333.6	23922.4	2704.94
COL5A3	12126.4		4978.46		5762.37	
COL6A1	359327	54182.4	131243	154581	348363	22400.3
COL6A2	379864	57299.6	128024	159190	327590	24978.1
COL6A3	415668	70559.7	153583	194033	407450	33149.6
COL8A1	43406.7	13399.9	32769.1	17598.9	37628.6	10046.7
COL8A2	21779.4		6920.2	10747.7	15614.2	2454.85
COPA	1220.52		1170.54			
COPB2		7682.45	10023		7848.09	13244.9
CORO1B		2118.1	1302.98	1080.71	989.936	
COX5A	2479.43	4227.83	3849.34	10191.2	6479.4	3808.42
CP		2732.04	5271.1	5583.43	7295.18	
CPA4	3987.92	25985.4	31810.7	17971.9	17465.7	21818.9
CPB2	6962.89		6515.24		8027.35	
CPNE2;CPNE3;CPNE4;CPNE5;CPNE6;CPNE7;CPNE8;CPNE9		3449.16	2827.3	4668.03	4028.8	2753.53
CPNE3	10554.2	16697.2	14475.9	11675.4	9285.56	15035
CRIP1	14387.4	10554.1	20999.9		42716.6	1301.88
CRIP2	11129.5	10235	25387.7	5370.63	23986.5	2853.23
CRMP1;DPYSL2;DPYSL3	11818.2	2393.81		3512.06		
CRMP1;DPYSL3				1613.19	4247.23	2206.16
CRNN		4324.1				
CRYAB	18583.3	9987.12	19188.2	23795.3	20352.8	14595.5
CS	1109.1	5868.44	4995.67	6904.73	5545.65	8686.94
CSN1S1				15853.7		
CSN2		3266.82	30719	920196		
CSN3			5647.15	545795		
CSRP1	39989.1	26261.4	40178.8	44910.1	46845.9	25507.9
CSRP2	8352.7	10213.5	48814.4	5027.24	58759.2	
CST4	2720.11	27354.5	13919.7			
CST6	9107.87	15726.5	33638.8	12304	9375.93	30319.4
CSTA	46574.2	167636	230734	134403	147501	177119
CSTB	7437.9	58919.1	19524.3	20489.4	10809.3	8854.85
CTNNB1;JUP	3084.26	55538.8	69124.3	28528.9	38786.8	52161.7
CTPS1;CTPS2					1043.48	
CTPS2					1154.55	
CTSA	3704.14	8200.42	4051.49	4447.19	5731.34	14321.8
CTSB	5033.32	22518.4	10041	7021.97	9227.66	59596.9
CTSD	21480.8	103203	78391.7	59252.9	47105.3	125580
CTSH			5317.95	5594.2	1230.23	7199.43
CYB5B	2299.8					
CYB5R1	2311.64				3147.34	
CYB5R3	20628.5	11509	22758.9	20527.9	25801.1	8248.18
CYBRD1	15910.4		4506.39	15913.6	7814.42	3217.17
CYFIP1;CYFIP2	2392.47	1183.18	1513.49	2142.23	2891.18	934.023
DAG1	1813.41		1069.59			
DCD	120673	596681	948830	620981	391881	2.8204e+06
DCN	37689.7	14827	2209.55	62467	3331.07	
DCXR	4365.72	5401.75	9116.17	5708.1	4890.67	10570.3
DDAH2			10759.1	4451.13		1464.59
DDX17;DDX5	1099.82	2236.55	2975.6	3910.74	2748.27	979.916
DDX39B	1747.23	970.548	1422.07	2538.5	1293.37	
DDX3X	1679.51	2030.9	2023.43	2817.89	2014.23	1959.65
DEFA1B;DEFA3	83101.3	17455.5	24284.5	9490.09	30291.3	
DES	209943	6292.38	14872.4	193368	12307.6	102562
DES;INA;NEFH;NEFL;NEFM;VIM	236895	125289	281744	192972	288466	62211.5
DES;KRT8;KRT84;PRPH;VIM	170214	133687	168713	185269	228968	80784.7
DES;KRT8;PRPH;VIM	7410	59502.3	90901.9	83405.8	119420	38916.8
DES;VIM	276022	228265	191800	160886	233693	78400.2
DHH	4016.55					
DKK2	26018		1346.28		3491.14	
DMBT1			3111.54		6677.8	
DMKN		6677.87	8961.83		24359.7	
DPT	8655.58	13098.8	29554.9	5490.35	54620.2	
DPYSL2	10928.6	2411.92	12490.2	10348.7	10721.8	3557.1
DPYSL3	8132.74	3537.78	4160.53	6770.27	6044.04	5367.69
DSC1	15321.5	91322.5	146654	63732.8	56810.2	115837
DSC3	4866.52	29343.2	48205.7	26429	40740	51034.6
DSG1	35244.7	155261	193098	112338	99961.9	160642
DSP	64859	297268	362394	242388	213177	340126
DSTN	17312.5	19510.5	31471.7	18214.9	38639.5	14547.5
DTD1	3542.71		9533.81	9851.92	3945.91	9596.77
DYNC1H1	3048.16		3460.57	3062.1	1967.05	1790.65
DYNLL1;DYNLL2	12821.7	4226.12	8243.58	6211.19	9020.51	3649.38
ECH1	1334.59					1331.8
ECM1	6558.58	25352	33302	14082.6	10661.3	26374.3
EEF1A1;EEF1A1P5	17353.1	36758.1	43567.5	34907.1	39979.3	17952.7
EEF1A1;EEF1A1P5;EEF1A2	56597.6	147411	140782	146006	100460	90870.5
EEF1A2		1636.1				
EEF1D	5949.48	3779.15	4004.98	6275.15	7359.45	
EEF2	11939.2	22873.7	24752.9	22284.6	17152.2	11762.9
EEF2;EFTUD2	17227.2	18383.9	23552.3	17554.7	24545.7	18629.5
EFEMP1	17864.5	59228.4	63454.4		53047.4	
EFHD1;EFHD2			1701.28	2055.28	9723.85	
EGFL7	3125.18				400.237	
EGFL8	4904.03					
EHD1;EHD2;EHD3	56072.9	2867.2	30565.8	43098	29497.8	21958.2
EHD1;EHD3;EHD4	6817.23	1662.05	2801.94		2306.22	2575.1
EHD2	32615.8	3769.38	31053.8	42133	25150.9	25183.1
EHD2;EHD4	1682.26		579.684	915.435	1556.05	838.076
EHD4	1882.05					
EIF2S1	1596.55					2276.75
EIF4A1			5472.07	7823.15	2372.73	2173.08
EIF4A1;EIF4A2	793.769	8317.15	9530.84	11235.9	6598.27	7578.81
EIF6	6198.44	23847.3	29965.8	14109.4	23164	26055.9
ELANE		11306.5	5040.97		1783.13	9157.39
ELN	26142.3		2008.76	4327.72	1879.87	
EMD	8548.6		3901.69	6520.34	6386.26	
EMILIN1	36511.6	11427.6	41891.5	30954.8	45439.6	7888.53
ENO1	21612.7	29156.1	36935.2	36959.5	29398.3	18193.1
ENO1;ENO2;ENO3	31514.3	29966.5	38900	56505.9	36877.8	21043.4
ENO3	609.367	6730.3	12003.9	8687.36	4968.96	9662.67
ENTPD1	3645.9				3355.19	2837.63
EPPK1;PLEC	17462.4	25400.1	45148.2	40201.1	35758.1	41900.1
EPRS1			3709.89		1858.74	
ERLIN1;ERLIN2	4029.59				2419.94	1947.28
ESD	7280.24	2541.51	4315.92	6658.85	3990.35	
ESYT1	1108.53	591.317	828.078	1200.59	811.297	926.764
ESYT2	440.896					
EZR;MSN;RDX	18458.5	7762.38	11671.6	8596.68	13654	6212.35
F9	4504.23		14355.4	2983.16	21396.5	1213.88
FABP3	6500.63		8197.51	37618.4	8764.56	6776.44
FABP3;PMP2			11745.4	6545.43		
FABP5	17410.8	55404.1	88856.1	56663.8	51430.2	38239.3
FAH			4794.36	4722.27		2048
FASN	1426.49			10531.8		
FBLIM1	7400.55		13019.7		19663.1	
FBLN1	15228.1	9194.26	11304.4	3191.62	13390.4	
FBLN2	36582.2	13736.3	6205.76	4605.88	7234.31	
FBLN5	95255.8	27584.6	43150.6	2223.19	42635.2	686.407
FBN1	136004	121861	466432	96215.2	690735	5870.57
FBN1;FBN2	7222.35	14583.5	30104.8	12081	55080.6	
FERMT2	10573.7				8455.03	
FGA	44510.5	8583.69	34237.8	12148.8	43459	18113.3
FGB	38539.9	8718.77	23742.9	5922.79	36285.8	36628.6
FGG	57086.3	10354.6	37133.3	10897.2	35411.7	17365.2
FHL1	46195.2	30105.9	19896.7	43188.8	46297.6	17245.5
FHL2			2916.06		8474.42	
FHL3			2911.32		10327	
FIGNL1;VPS4A;VPS4B			1596.42	1724.41	1051.04	1475.48
FLG	21307.9	100687	146757	89079	59965.7	103798
FLG2	62273.5	206988	149945	152293	98456.6	294438
FLNA	202971	60299.4	156820	180744	214628	84917.8
FLNA;FLNB	13605.6	5537.68	9048.18	16991.9	48971	13017.5
FLNA;FLNB;FLNC	89001.7	21532.1	50064.9	61340.2	79427.7	39836.8
FLNA;FLNC	32676.3	10162.5	44611.6	51495.3	42614.2	21725.7
FLNB;FLNC	3449.66		3360.28	6703.98		3698.01
FLNC	7515.91	3434.57	3017.76	15525.2		11237.1
FLOT2	1595.21					
FLT1;MAPK1;MAPK3;PDGFRB	4890.11		3052.9		4840.82	
FMOD	14953.5	10888.4	4145.23	8377.44	5249.06	3264.15
FN1	311783	292770	276689	41582.6	331323	20976.5
FTL	5302.56		2498.05			
FUBP1;FUBP3			1917.52	1884.67	1392.18	796.836
G6PD	4723.66					
GAA	999.176	3859.26			2303.24	5743.56
GAPDH	30000	132021	118308	93322.6	77345.1	152929
GAPDH;GAPDHS	50964.8	148803	155516	195241	110381	235684
GBE1	3005.46		1065.65		1570.48	
GC	2627.62		8146.77			
GDI1;GDI2		12823.6	18083.8		17169.2	8996.26
GDI2	4889.32	6786.82	9507.24	6094.01	5001.38	5191.11
GGCT	10505.3	49391	39803.1	36045	31106.8	66014.2
GGH	5639.78	33294.5	29702.7	18639.5	15143.4	46327
GGT5	8706.3	1403.55	4382.94	7658.29	5641.26	
GLIPR2	8211.61			4716.86	4697.1	2243.66
GLRX		2784.58	306.946	1936.55	1425	1889.85
GLUD1;GLUD2	4521.51		3692.75	6603.83	3380.63	2516.02
GLUL			7700.61	8392.15	5768.07	6606.57
GM2A	3375.9	27927.9	27322.7	19901.2	6379.4	21099
GNA11	5072.76			4524.71	2863.34	2711.38
GNAI1;GNAI2;GNAI3	9440.75	7531.13	4561.52	6193.95	6929.08	4153.52
GNAI2	19068.2	5835.34	7970.77	10583.9	12893.5	4983.67
GNB1	4371.03		6577.35		7876.12	
GNB1;GNB2	22088.4	7197.05	11536.9	18661.9	12415	7502.94
GNB2	4371.63		3403.75		4013.74	
GOLGA3	158182	428488	224370	565948	406333	329791
GOT1	3391.42	9289.33	7091.83			8313.89
GPI	9242.04	6812.76	6336.15	9775.57	13578.8	6052.59
GPX3			10238.4		10965.9	
GSDMA	11636.9	49544.5	39318.8	54250.4	36183.7	65147.2
GSN	48726.5	25154.4	47522.9	45961.5	53179.6	19535.3
GSS		3422.96	3665.62	4660.76	4691.64	12133.5
GSTM2	2880.62		3475.97	4474.85	5786.52	2675.95
GSTO1	2130.5	5094.58	3842.92	6021.26	2554.31	1474.4
GSTP1	8156.98	3751.97	6674.78	7549.76	8252.33	6518.23
H1-0	40139.1	7150.03	30483.1	45013.7	37684.7	8111.32
H1-10	6975.81		1095.31	4716.82	3749.22	1425.39
H1-2	16812.8	1509.75	4273.08	12406.3	7735.08	3483.32
H1-2;H1-3;H1-4	197381	21820.2	109386	242599	194196	50104.8
H1-2;H1-3;H1-4;H1-5	14460.3					
H1-4	2402.24					
H1-5			20127.7		35539	
H2AC12;H2AC14;H2AC17;H2AC19;H2AC20;H2AC25;H2AC6;H2AC7;H2AC8;H2AJ	81564.7	4812.72	27214.4	76113.7	56629.1	19852.6
H2AC12;H2AC14;H2AC17;H2AC19;H2AC20;H2AC7;H2AJ	10416.3		6417.82	10651.8	8554.51	
H2AC1;H2AC12;H2AC14;H2AC17;H2AC19;H2AC20;H2AC21;H2AC25;H2AC6;H2AC7;H2AC8;H2AJ	16982.5		16920.5	31448.1	17489.1	6182.75
H2AC1;H2AC12;H2AC14;H2AC17;H2AC19;H2AC20;H2AC21;H2AC25;H2AC6;H2AC7;H2AC8;H2AJ;H2AZ1;H2AZ2	887881	156168	552364	1.03493e+06	719878	236510
H2AC1;H2AC12;H2AC14;H2AC17;H2AC19;H2AC20;H2AC25;H2AC6;H2AC7;H2AC8;H2AJ;H2AZ1;H2AZ2	32565	58359.5	198717	194016	31995.1	
H2AC1;H2AC21			1650.43	2261.48	1998.44	670.583
H2AC21	55776.6	4286.36	30796.8	36535.7	39676.1	5731.16
H2AC25;H2AC6;H2AC8	7354.17		5512.4	7094.51	5459.02	1899.07
H2BC12L	55109.9	19491	45903.2	80462.8	52287.1	12017.7
H2BC12L;H2BC17;H2BC21;H2BC3	22126.3	13952.7	17708	44159.6	15949	15102
H2BC17;H2BC21;H2BC3	60581.9	6738.96	35612.9	74232.5	50797.9	16459.7
H2BC1;H2BC12L;H2BC17;H2BC21;H2BC3	156458	44653	65816.1	198845	114687	46480.6
H2BC1;H2BC17;H2BC21;H2BC3	4637.36		1585	7175.68	5047.3	
H3-3B;H3-4;H3-7;H3C12;H3C13	196080	71679.5	277160	639445	372598	119051
H3-3B;H3-4;H3C12;H3C13	19125.4	23475	33281.6	66000.8	31245.3	16565.8
H3-7	5538.47		11481.3	26762.3	26362.4	
H4C16	988736	171643	755624	1.4852e+06	846551	291355
HADH			9466.78			
HADHB	14934.2	3479.05	10007.7	15219.4	9936.76	6834.11
HAL	3790.16	59618.1	60614.8	31414.7	25370.7	98167.3
HARS1	1997.17	6473.28	9756	4357.46	3198.51	5089.42
HBA2	68333.6	50086.1	60453	498012	97351.1	77819.1
HBA2;HBZ	7366.79	87144	114756	1.14648e+06	254025	76941.4
HBB	328106	190368	223890	1.91392e+06	523648	245255
HBB;HBD	132689	68276	140009	743621	174991	99943.2
HBB;HBD;HBG1;HBG2	2776.53	19454	29012.8	238240	32692.3	21359.2
HBD	16424.6	4867.12	12901.7	87925.6	16732.1	9138.72
HBG1;HBG2	2764.23		848.107	14328.8	2929.87	
HBG2	1871.77	4458.99		14645.9	5051.81	3229.53
HDGFL2;HDGFL3	3311.11					
HK1;HKDC1	2766.29		5935.45		5466.51	
HLA-A	8107.61	6739.52	6250.33		10450.1	
HLA-A;HLA-B	3529.11	5551.06	5306.15		8879.02	
HLA-C	1457.89		3382.31		5197.77	
HMGB1;HMGB1P1	19484.5		10880.7	21864.8	19779.2	5418.43
HMGB2	3845.14		1113.23	4366.57	1306.44	618.519
HNRNPA1;HNRNPA1L2;HNRNPA2B1	6996.02	1726.36	1472.09	5931.69	3479.16	
HNRNPA2B1	15226.2	6211.39	8839.51	13921.3	9955.49	6605.96
HNRNPC;HNRNPCL1;HNRNPCL2;HNRNPCL3;HNRNPCL4	3399.93			5906.98	5025.46	
HNRNPD	4025.16	3082.88	2875.86	3935.99	1531.73	
HNRNPD;HNRNPDL	1049.28	2928.03				
HNRNPF;HNRNPH1;HNRNPH2	12430.4	5439.3	3693.4	8757.66	6558.14	2116.33
HNRNPH3	8338.53		4585.1	7123.87	3960.33	1730.7
HNRNPK	9737.09	3628.79	7095.03	10526.6	4471.82	775.197
HNRNPL	1860.12		1654.94	3550.04		
HNRNPR;SYNCRIP	6069.02	2507.06	3904.93	5353.66	3359.67	
HP	8689.26	6967.57	23330.9	10567.5	37934	3205.85
HP;HPR	4001	2229.09	5809.86		4988.89	
HPSE2	986.758					
HPX			9618.59		8986.55	
HRNR	185777	852615	1.09633e+06	494537	719256	672103
HSP90AA1	12776.9	14215.6	11231.9	11972.4	12504.4	8690.91
HSP90AA1;HSP90AA4P;HSP90AB1	3402.37		8016.38	8223.93	5400.1	4687.82
HSP90AA1;HSP90AB1	13752.8	12934.8	6109.77	17858.8	9038.57	8929
HSP90AB1	13055	24191.1	12917.5	15276.8	15903.4	6028.73
HSP90AB1;HSP90B1	21545.2	21970.4	31612.4	32203.1	29215.7	9201.76
HSP90B1	13158.3	15273	13051	13910.4	14893.1	8325.82
HSP90B1;HSP90B2P	1498.24			3255.49		
HSPA1A;HSPA1B	56948.3	21484.1	20233.7	31437.6	35645.6	38430.4
HSPA1A;HSPA1B;HSPA2;HSPA5;HSPA8	44336.4	39433.5	62383.8	83726.9	53374.7	43662.3
HSPA1A;HSPA1B;HSPA2;HSPA8	114566	24346.4	64869.6	97752.7	93014.7	102355
HSPA2	6376.45		6239.09	7790.59	6006.8	10420
HSPA2;HSPA5;HSPA8	6859.76	7022.65	6890.09	10486.7	5785.02	5789.48
HSPA2;HSPA8	10645.9	11392.8	14570.6	19400.9	15999.2	11519.3
HSPA5	7807.17	22371.7	19203.9	26454.2	22569.7	28282.2
HSPA8	14720.3	19808.4	25277.4	39299.6	26144.8	14977.4
HSPB1	70316.9	35901.6	68896.9	76863.9	78689.1	47933.7
HSPB6	27629.7	2308.44	4844.89	39469.4	5707.05	12736.1
HSPD1	10525.3	19137.4	18712.3	25730.2	20145.5	18432.8
HSPE1	2570.89	12180.3	12006.9	19151.8	22352.4	15744.5
HSPG2	123051	26395	77522.5	56660.6	106932	32815.1
HTRA1	224716	32496.4	6459.73	4898.85	10022.9	4569.17
IDE		9122.26	9721.79	12935.8	5109.6	
IDH1	4090.45	7736	10225.9	8581.53	5812.17	10625.5
IDH1;IDH2		7187.11	6864.25	9956.33	2244.19	5425.14
IDH2	1883.33		2179.44	4301.36	2248.95	1454.37
IGHA1	12755.7	163878	91723.9	107375	47034.4	28962.4
IGHA1;IGHA2	22058.5	142094	105278	160211	79195.1	35358.4
IGHA2		23614.3	8426.73		8165.45	
IGHG1	11899	15050	24904.5	31129.8	31153.4	20222
IGHG1;IGHG2			3645.12		2280.62	
IGHG1;IGHG2;IGHG3;IGHG4	25226.9	35586.1	82108.8	71680.1	98747.2	55850.5
IGHG1;IGHG3	30200.6	12879.4	52389.9	12482.1	71357.6	
IGHG1;IGHG3;IGHG4	3116.93	4419.19	7411.49		8665.65	2814.87
IGHG2;IGHG4	9411.4		17827.5		28494.4	
IGHM	13998.4	6899.37	8845.48	4869.94	9897.36	3342.04
IGHV3-11;IGHV3-21;IGHV3-48;IGHV3-7	9998.91	9085.22	17326.3	5644.52	17664	
IGHV3-11;IGHV3-21;IGHV3-48;IGHV3-7;IGHV3OR16-9	1863.1	5736.4	2817.83	6061.47	6372.28	5983.31
IGHV3-23;IGHV3-30;IGHV3-30-5	2493.48		3642.62		3977.6	
IGHV3OR16-9		8336.5	7450.79	7289.98	3303.67	4479.03
IGHV4-30-4;IGHV4-34;IGHV4-38-2;IGHV4-39;IGHV4-59;IGHV4-61	2947.77	5738.98	10410.7	7719.57	12714.3	
IGKC	10352.8	45519.3	22446.9	32449.7	31255.3	18926.5
IGKV2-24;IGKV2D-24	4040.93		6952.73		8653.16	
IGKV2-28;IGKV2-29;IGKV2-30;IGKV2-40;IGKV2D-26;IGKV2D-28;IGKV2D-29;IGKV2D-30;IGKV2D-40	12716	17292.1	27840.8	21480	29139.3	13135.6
IGKV3-11;IGKV3D-11	9051.57	16071.4	28646.3	32926.2	25226.9	10480.2
IGKV3-15;IGKV3-7;IGKV3D-7;IGKV3OR2-268	5382.68	29000.6	31922	27439.6	34068.1	17738.4
IGKV3-20	15815.4	13590	28446	22513.8	39630.9	11047.4
IGKV3-20;IGKV3D-20	2383.49	4698.99	18930.1	12443.2	16792.7	6294.11
IGKV3D-20	2231.59	5257.66	7664.74	8062.87	5915.84	
IGKV4-1	698.832	2144.29	3958.51	2996.86	2978.94	988.234
IGLC1;IGLC2;IGLC3;IGLL5	4942.68	27317	17534.6	9067.99	15191	5581.73
IGLC1;IGLL5	1914.55	8867.82	4504.75	8135.09	3663.44	3108.92
IGLC2;IGLC3	10337.4	42491.7	30930.5	43153.9	26035	18610.6
IGLV1-47	3093.56	10904.7	7919.23	8855.21	12873.3	4595.71
IGLV2-11;IGLV2-8			7093.05		5950.04	
IL17B	9775.12					
IL1RN		5613.84	2002.35			
IL36G			12785.4	8208.91	6894.5	8974.75
IL37	1154.25	4249.15	2628.97	1520.09	753.752	6054.18
ILF3;STRBP	1079.95					
ILK	11233.9	1517.12	10135.5	12089	11217.1	6135.48
INA;NEFL;NEFM	7256.04					
IQGAP1	13492	15825.9	7962.2	9476.34	12235.7	5428.7
IQGAP1;IQGAP3	4525.66					
ISYNA1	4313.9		9081.53	8394.04	11160.3	4370.52
ITGA1	5232.85	1336.1	14724.6	1578.52	26239.5	2458.48
ITGA5	22540.4			25180.3		6129.3
ITGA7	3426.72				2202.64	
ITGB1	6893.57	5127.01	9007.47	4120.75	9802.07	3208.7
ITGB6		5675.98	2137.22		11950.7	4776.65
ITIH1	5476.28	3630.81	18813.1	3720.1	24128.3	
ITIH2	3589.37	6806.21	7942.33	6542.63	10496.6	4374.25
ITIH3	2569.82		2758.94		1896.96	
ITIH4	3463.84		4203.23	5979.34	6195.98	1733.11
ITIH5	2189.24			2891.76		1684.13
JCHAIN		324576	60407.5			
JUP	24266.6	169382	244825	114404	118050	140223
KANK2	9282.36		3063.51	6002.06	4309.91	2509.79
KHSRP	2245.74					
KLK10		1769.83	2534.87	4224.07	1855.03	3958.7
KLK7	4164.9	13231.2	21774.4	15972.7	7839.04	20789.1
KPLCE	153266	373707	253938	259199	131694	293890
KPRP	65143.5	143326	142969	99241.7	87336	194701
KRT1	984642	5.66761e+06	4.61288e+06	3.76465e+06	4.17999e+06	5.18748e+06
KRT10	1.26405e+06	6.83171e+06	4.78131e+06	4.96197e+06	4.61062e+06	7.31472e+06
KRT10;KRT12;KRT14;KRT15;KRT16;KRT17;KRT19	5237.83	257059	215131	162050	1.82868e+06	2.40285e+06
KRT10;KRT12;KRT14;KRT15;KRT16;KRT17;KRT19;KRT9	556946	8.40719e+06	3.08948e+06	7.5489e+06	4.66517e+06	5.36614e+06
KRT10;KRT13	69810.4	782951	526375	321603	899049	1.44221e+06
KRT10;KRT13;KRT14;KRT15;KRT16;KRT17;KRT19;KRT24;KRT28;KRT31;KRT33B;KRT36	336350	8.32772e+06	5.50702e+06	6.96831e+06	6.2966e+06	6.30941e+06
KRT10;KRT13;KRT15;KRT24;KRT28			8893.55	12211.4	5986.21	21478.4
KRT10;KRT13;KRT24	988622	3.88142e+06	3.10608e+06	3.19956e+06	2.55534e+06	3.66026e+06
KRT10;KRT14;KRT16		16098.8	6581.75	3279.31	9685.08	18327.7
KRT10;KRT14;KRT16;KRT25;KRT26;KRT27;KRT28	809325	3.74095e+06	2.73803e+06	1.8078e+06	2.66452e+06	3.13143e+06
KRT10;KRT25;KRT27;KRT28	708081	5.5264e+06	3.63937e+06	1.86684e+06	2.03762e+06	2.73572e+06
KRT10;KRT28	81280.9	562948	741545	341780	340472	615374
KRT12;KRT13;KRT15		27715.9	34640.5	93569.2	3020.72	104885
KRT12;KRT15		468006		451949		
KRT13		546670				6635.57
KRT13;KRT14;KRT15;KRT16	272112	1.36997e+06	2.65052e+06	986142	1.45093e+06	2.05284e+06
KRT13;KRT14;KRT15;KRT16;KRT17	159054	513478	1.43602e+06	375225	836974	998439
KRT13;KRT14;KRT15;KRT16;KRT17;KRT19	285107	1.19521e+06	2.16316e+06	942482	1.72998e+06	2.67083e+06
KRT13;KRT14;KRT16			25959.4		8671.94	16580.8
KRT13;KRT15	52409.4	446461	71392.1	129676	14790.3	191956
KRT13;KRT19		4327.25				
KRT14	188672	1.09794e+06	1.29212e+06	692608	1.35201e+06	1.36059e+06
KRT14;KRT15;KRT16;KRT17;KRT19	74252.6	989833	1.67595e+06	811200	1.27859e+06	2.05631e+06
KRT14;KRT16	156103	970437	1.40498e+06	771820	888435	1.6364e+06
KRT14;KRT16;KRT17	33921.6	520953	936991	252984	749366	622752
KRT14;KRT17	194601	1.07568e+06	1.6582e+06	798320	862770	1.46128e+06
KRT14;KRT19	30361.5	203644	328797	60415.4	150890	150795
KRT16	56781.1	632716	1.61402e+06	254987	696574	1.53968e+06
KRT16;KRT19		8775.96	37968.1	12560.7	6670.84	31576.7
KRT17	14884.7	168513	426127	122820	208195	576354
KRT17;KRT19	16749.3	13617.3		136018	338273	741339
KRT17;KRT23	7479.08	69900.2	158019	71515.4	127430	191653
KRT19	2834.66	9018.39	50108.8	16612.9	21250	38956.7
KRT1;KRT2	1.94251e+06	1.04803e+07	4.46638e+06	1.05727e+07	6.30619e+06	5.83277e+06
KRT1;KRT2;KRT3;KRT5;KRT6A;KRT6B;KRT6C;KRT75;KRT76;KRT77;KRT79;KRT8	166898	1.09005e+06	807236	784991	357896	944369
KRT1;KRT2;KRT3;KRT5;KRT6A;KRT6B;KRT6C;KRT75;KRT76;KRT77;KRT8	659898	2.25308e+06	1.78377e+06	2.42662e+06	1.52515e+06	2.09067e+06
KRT1;KRT2;KRT77	9972.98	22402.8	34165	16778.3	29067.8	26843.7
KRT1;KRT5;KRT6A;KRT6B;KRT6C;KRT79;KRT8	326806	986764	1.25752e+06	1.01593e+06	549061	880045
KRT1;KRT6B	39608.4	205344	298293	223294	264888	183611
KRT2	743963	5.07697e+06	4.34785e+06	3.62368e+06	2.77276e+06	5.55768e+06
KRT23	4105.11	18656.4	27357.9	17097.4	15215.2	28905.9
KRT25			27392.9	9570.71	4745.76	
KRT25;KRT26;KRT27			134334	67880.7	87794.9	
KRT25;KRT27			7408.22	2779.39	3701.06	
KRT25;KRT27;KRT28			80879.5	32605	32618.7	792.633
KRT26					5237.79	
KRT27			165053	61547.5	90811.9	
KRT28			7583.52	3038.04	17471.3	
KRT2;KRT3;KRT4;KRT5;KRT6A;KRT6B;KRT6C;KRT71;KRT72;KRT74;KRT75;KRT76;KRT77;KRT79;KRT8;KRT84	669298	4.5119e+06	4.67471e+06	3.5388e+06	2.53611e+06	5.01751e+06
KRT2;KRT3;KRT5;KRT6A;KRT6B;KRT6C;KRT71;KRT72;KRT74;KRT75;KRT76;KRT77;KRT79;KRT8;KRT84		171562	170322	30428.5	284981	1.29176e+06
KRT2;KRT3;KRT5;KRT6A;KRT6B;KRT6C;KRT75;KRT76;KRT79	20585	340934	278656	262747	347201	565390
KRT2;KRT3;KRT5;KRT6A;KRT6B;KRT6C;KRT75;KRT76;KRT79;KRT8;KRT84	3350.79	16253.9	29093.2	7821.34	16057.7	22404
KRT2;KRT3;KRT71;KRT72;KRT74;KRT76		46233.4			20742	90900.9
KRT2;KRT3;KRT76	87653.6	318571	493827	320700	163253	409051
KRT2;KRT3;KRT76;KRT79	308989	1.17549e+06	628617	410310	923660	1.0082e+06
KRT2;KRT4;KRT6A;KRT6B;KRT6C;KRT76	742810	4.81147e+06	3.25948e+06	4.0915e+06	3.03915e+06	4.81719e+06
KRT2;KRT5;KRT6A;KRT6B;KRT6C;KRT74;KRT75;KRT76;KRT78;NEFH	102062	101108	81174.1	21160.4	51285.7	44033.6
KRT2;KRT5;KRT6A;KRT6B;KRT6C;KRT74;KRT75;KRT76;NEFH	21420.9	28802.9	20633.7	4690.13	13286.8	8442.58
KRT2;KRT5;KRT6A;KRT6B;KRT6C;KRT75;KRT79	97674.2	653800		794033		641918
KRT2;KRT6A;KRT6B;KRT6C		21153.9	1600.25		3476.67	8688.81
KRT3		2144.31	6187.93	2294.31	1507.68	4101.17
KRT31		6186.96	3123.48	6892.43	1710.87	8315.13
KRT31;KRT33B;KRT36;LOC100653049		11064.2	9629.62	29331.3	4892.5	17550.3
KRT31;KRT33B;LOC100653049						13974.9
KRT31;LOC100653049	2681.57	10537.3	4891.2	19597.9	2398.51	7339.27
KRT3;KRT4;KRT71;KRT74		106836	13950	3822.17	10266.1	
KRT3;KRT4;KRT71;KRT74;KRT78		136766	100639	50391.5	59876.8	100135
KRT3;KRT5;KRT6A;KRT6B;KRT6C;KRT75;KRT76;KRT78;KRT79;KRT8;KRT84;KRT85;KRT86;VIM	393353	1.87749e+06	2.23656e+06	1.52854e+06	1.54892e+06	2.38997e+06
KRT3;KRT6A;KRT6B;KRT6C	77788.5	1.16123e+06	1.85449e+06	545760	1.41776e+06	3.19471e+06
KRT3;KRT6A;KRT75;KRT76;KRT78;KRT79	2000.3	11967.7	19967.5		17200	23012.1
KRT4		307511	58633.9	28271.3	39458.1	254863
KRT4;KRT5	9353.48	150171	49281.9	21729	102647	224964
KRT5	410411	2.39572e+06	2.94979e+06	1.76302e+06	1.7273e+06	2.28065e+06
KRT5;KRT6A;KRT6B;KRT6C	61506.6	639018	741805	310896	509301	1.03306e+06
KRT5;KRT6A;KRT6B;KRT6C;KRT72;KRT75	45354.9	139303	219410	215800	80471.6	250647
KRT5;KRT6A;KRT6B;KRT6C;KRT79		1.16914e+06	981976	558809	926733	1.0079e+06
KRT5;KRT6A;KRT6C	30101	145886	145869	63800.1	144849	188601
KRT5;KRT75	5013.18	13761.2	18474	7844.98	23778.5	17028.1
KRT6A	50506.7	1.1886e+06	1.38111e+06	378230	1.11938e+06	1.81448e+06
KRT6A;KRT6B;KRT6C	27743.2	566580	557098	182652	345342	1.19315e+06
KRT6A;KRT6B;KRT6C;KRT72		29048.4	4628.61		18968.5	34100.5
KRT6A;KRT6B;KRT6C;KRT75		490875	629854	134138	413211	508452
KRT6A;KRT6B;KRT6C;KRT8	11386.3	117784	198753	89700.6	121152	347857
KRT6A;KRT6C	26840.5	722927	1.39731e+06	270370	775502	1.3084e+06
KRT6A;KRT6C;KRT75	22130.4	1.11719e+06	1.7206e+06	422393	1.0689e+06	1.89475e+06
KRT6B	6017.75	195977	278913	68049.8	236497	501861
KRT6B;KRT6C	14925.5	879676	1.59817e+06	216413	724577	1.80739e+06
KRT71			83861.2	24542.4	48433.9	
KRT71;KRT72;KRT74	341920	727543	1.00541e+06	879791	389679	984737
KRT71;KRT74			22708.8	7717.97	15913.7	
KRT72			107676	32949.1	79495.6	
KRT72;KRT74			11230.8			
KRT76;KRT84	3116.55	464131	479896	48137.7	206061	218770
KRT77	90606.1	281632	141010	201790	102617	558343
KRT77;KRT78			211835	195956	105202	292914
KRT78	41547.8	148478	176292	109691	95859.9	224222
KRT79		8571.43			3914.83	9921.35
KRT80	17786.8	71859.7	81900.7	56156.3	47971.2	96140.1
KRT82		4923.34	10083.5			7703.16
KRT82;KRT85;KRT86	8335.5	33290.5	24299.7	13052.5	8405.51	12152.4
KRT85		2000.53	6494.3	8661.42	12595.9	
KRT85;KRT86	5984.8	13696.8	11604.4	52398.6		21615.2
KRT86	17131.4	26599.2	39241.7	139687		71778.7
KRT9	1.74872e+06	9.91415e+06	9.79522e+06	6.02993e+06	6.80891e+06	7.1194e+06
LACRT		10568.3	2022.14	3047.37		
LALBA			5040.87	73582.4		
LAMA3;LAMA5	3317.87				2592.89	
LAMA4	8085.83		1708.37	3636.75	3072.81	
LAMA5	134354	7337.12	81188.7	60583.7	83579.1	39458
LAMB1	6471				5678.83	
LAMB2	121592		63698.4	67368.6	67895.5	29708.9
LAMB2;LAMB4	18650.6		7302.43		10827.2	
LAMC1	96627.2	8079.15	46419.5	42099.1	57574.1	28325.3
LAMC1;LAMC3	5336.71					
LAMP1	5919.88	13959.3	9229.08	11724.7	8487.72	13886.3
LAMP2	2642.88	9444.51	9711.04	10530.5	6283.72	11489.7
LANCL1	4727.37			2573.83	1918.6	
LASP1	11920	12829.5	24919.2	17331.5	32746.5	8294.22
LBP			718.55		929.385	
LCN1;LCN1P1		79925.1	3471.27	34241.6	2373.55	8391.37
LCN2		1502.29				1404.1
LCP1		5607.71				
LCP1;PLS3	1937.41	8003.76	7797.29	5042.08	10437.5	4350.93
LCT		3294.73				
LDHA	44488.2	38644.6	44605.5	67623.9	51970.9	37489.2
LDHA;LDHAL6A;LDHB;LDHC	10601.8	7068.52	7883.02		11050.4	8271.4
LDHB	18543.8		6683.33	15996.2	7294.88	8325.19
LEMD2	3956.51					
LGALS1	63845.1	30942.4	56142.3	34469	88678.7	12103.5
LGALS3	22051.3	19831.4	26979.5	26156.8	19524.8	16696.2
LGALS3BP	14385.5	16049.5	1529.73	3300.53	2482.05	4187.61
LGALS7B	15154.3	95883.5	97157.6	76987.3	51811.9	72370.1
LGALSL		4623.57	9095.19		3289.28	5385.61
LGI4	12262.9		2399.73		3998.8	
LIMS1	9527.05				6322.29	
LMCD1	1062.89	2852.47	1416.09	4139.65	2724.21	1853.31
LMNA	109569	35590.4	91185.2	120678	124105	31648.1
LMNB2	13504.2		8703.84	19548.9	12080.7	4577.48
LMOD1	24044.6	3007.85	3149.03	13648.7	12709.7	8548.37
LNPEP	1577.32	1249.27	999.131	1262.5	1205.28	1776.79
LOC102724737;RPS8	7228.29	11620.9	13272.7		9645.15	
LORICRIN		16941.1	11615.8	8135.19	12041.8	11625.8
LOX	63707.9					
LPP	29898.2	8470.42	24458.2	19533.9	26064.4	8476.05
LTBP1	12143.9	12769	72935.6	3845.28	74466.5	
LTBP1;LTBP3			9961.04		13918	
LTBP2	14410.9	7418.35	22311.9	8471.06	30598	
LTBP4	2847.61	6175.15	17980.8		20643.9	
LTF	15501.3	199282	89558	855323	29322.5	50800.8
LUM	99172.7	82308	67300.5	37765.6	146582	6287.1
LY6D		7016.7	10683.6	11400.8	6249.43	12912.4
LYZ	5886.02	103275	31924.1	46656.6	11865.2	17422
MACF1;PLEC	6591.3	18327.8	22697.7	17610.7	21086.5	37088.2
MACROH2A1;MACROH2A2		3959.14	6905.26		8841.25	7036.4
MAL2		1670.6	874.823	1866.24	1512.32	3447.5
MAOA	16097.4			7686.43		5639.61
MAOA;MAOB	11181.9					
MAP1A;MAP1B	1452.64	1294.35	1108.25	1967.06	1207.79	766.616
MAP4	5265.6					
MAPK10;MAPK11;MAPK12;MAPK13;MAPK14;MAPK8;MAPK9		1086.96	4093.75	4195.97		
MAPK1;MAPK3	945.822		1070.72	1975.69	1365.67	
MB	3095.68	9469.15	6503.28	10726.4	9917.21	5703.47
MCAM	18036.5	5929.53	18967	14421	27487.6	7868.02
MDH1	12117.5	5557.4	9935.73	16986.9	16166.8	9306.56
MDH2	4997.62	8279.92	13141.9	12501.7	4505.25	6119.96
ME1	2968.11		9688.54	4512.71	5544.23	8936.74
MFAP2	82739.5	42961	95066.8	28440	177547	
MFAP4	96382.2	74261.4	39611.7	2744.71	61117	
MFAP5	2045.93	2444.47	25807.8		47965	
MFGE8	19033.9	56272.5	54524.4	43666.7	137098	6713.56
MGP	5024.53		4937.91		8058.43	
MMP12	33791.3					
MMP28	26519.7					
MPZ	4635.06					
MSN	19956.2	12670.8	18192.6	24611.3	22169.3	9875.5
MSN;RDX	6364.92		2857.59		3226.84	
MST1;MST1L	1163.87		1149.35		1149.61	
MT-CO2		2349.02	1731.14	2241.6	1371.36	
MUCL1		19446.6	16919.1	16188.1	11557.7	162552
MUSTN1	11858.5		3748.76	8926.63	4827.99	4554.99
MYADM	8055.77	2186.88		2097.31	3652.44	2164.55
MYH10;MYH11	31097.2	28751	50282.7	91809.3	54238.8	38313.3
MYH10;MYH11;MYH14	26330.7			3433.65		
MYH10;MYH11;MYH14;MYH9	39996.6	23458.5	56667.4	51359.7	69868.3	24212.9
MYH10;MYH11;MYH9	20332.4	8608.02	14964.5	10617.7	12990.4	
MYH10;MYH9	52540.2	33654	65485	40184.8	99850.6	15728.1
MYH11	150355	43634.7	98657.8	110208	100893	71832.4
MYH11;MYH14;MYH9	45092.6	19038.3	28718	28957.4	51059.6	14510.1
MYH11;MYH9	23186.4	9421.21	14390.8	2753.83	15111.4	5780.7
MYH1;MYH11;MYH2;MYH7	25541.7	5709.61	15251.2	25095.3	19207.1	7500.52
MYH1;MYH2	2209.47	9626.77	2704.46		3054.39	5782.27
MYH1;MYH7		3299.84				2324
MYH7	3833.91	15708.2	8600.92	13565.8	10008.8	11072.8
MYH9	52053.7	40672.1	69110.7	49957	103531	24085.7
MYL1		5705.92	2541.87	6724.78	3723.86	4873.96
MYL12A;MYL12B	9027.33				6171.33	
MYL12A;MYL12B;MYL9	43042.6	20432.1	30944.4	38151.1	41929.2	25001.3
MYL1;MYL3	7923.43	3230.49	5881.24			
MYL4	8139.55		3610.4	6547.1	2753.79	
MYL6	44545.8	14455.1	29138.1	29609.7	26002.7	12927.4
MYL6;MYL6B	150778	41570.7	107417	124411	126896	61762.2
MYL9	15260.7	14702	15364.1	36619.2	34330.6	23312.5
MYLK	13089.2	4657.29	10083.6	5168.75	19065.4	8598.31
MYO1A;MYO1C	7072.15		4867.58		7697.77	
MYO1B;MYO1E;MYO1F					1252.63	
MYO1C	24806.3	5487.62	12392	17005.1	10861.7	8986.52
MYO1D	1492.21	2874.82	4972.5		5925.83	
MYOF	5484.75	1653.77	5038.1		7057.77	
MYPN;PALLD	6348.6	4832.62	9752.35	4424.8	9466.14	1794.01
NACA;NACA4P	1891.92	2321.77	2458.11	2662.77		
NAGA						5872.59
NAP1L1;NAP1L4	4561.53				5316.35	
NCCRP1	10523.1	45143.9	55327.4	32859.2	36125.9	52915.7
NEFH	9028.97					
NEFL	8231.65					
NEFM	3542.86					
NEU2			12858.7		9061.73	32861.8
NIBAN1	3943.64				3033.58	2251.23
NID1	45039.9	4772.86	20907	25549.4	25333.1	15220.7
NID1;NID2			1779.72	1387.76	2214.06	1109.7
NID2	33001		10029.4	19560.9	13727.2	13064.4
NIPSNAP2	5300.71		7580.29			
NME1	2452.27		4728.89			
NME1;NME2	6208.09	10412.5	11395.3	9743.56	7668.13	6067.41
NME2	1805.77		1128.88	2412.3	1775.42	1690.06
NNT					2078.31	
NONO;SFPQ	3251.25		8005.05	19653.8	13487.1	3833.95
NOTCH3	21809.3		12447.4		20223.6	
NPEPPS;NPEPPSL1	3161.84			4098.61	1696.77	3207.68
NPNT	5631.03		1893.54	1690.2		
NPTN	9184.7		4408.98	5530.96	4264.43	3666.5
NT5E	3628.35					
NTN4	3423.48					
NUDT5	2541.85	5095.06	6966.21	3719.47	2609.81	11001
NUTF2	3699.54	9480.63	12593.8		8728.32	25416.6
OGN	255580	198115	108395	134820	225634	17729.7
OLFML3	8522.97			10309.9		
ORM1		2383.32	11502	2138.13	7640.98	1289.18
ORM1;ORM2	5294.92	13352.2	22120.2	15618.4	17930.7	5077.51
P4HB	842.875	2029.13	707.403	3418.67	2181.06	1950.95
PABPC1;PABPC3		1389.89	1370.09	1744.68	1161.39	
PACSIN2			3499.44			
PAFAH1B1	3716.96			4128.96	3339.76	2837.32
PALLD	10712.2	8511.32	18055.6	9908.23	23182.1	
PARK7	3379.24	4450.23	7088.86	5342.3	7783.41	6293.66
PARVA	13778				21162.8	
PARVA;PARVB	6177.4		3098.38		4022.98	
PCBP1	2982.2	3856.43	2026.67		3420.37	
PCDHGA1;PCDHGA10;PCDHGA11;PCDHGA12;PCDHGA3;PCDHGA5;PCDHGA6;PCDHGA8;PCDHGA9				4882.57	1320.96	2026.56
PCMT1	6218.04					
PCOLCE	2768.69	3330.16	1616.67			
PDGFB	19421.3					
PDIA3	12749	21018.8	7135.35	9687.99	14025.9	
PDLIM1	12449.7	5998.17			20161.9	1819.32
PDLIM2	5948.92		6687.47	4410.66	7959.6	3109.98
PDLIM3	5318.59	5959.8	6059.45	2358.67	6713.2	1932.27
PDLIM5	15128	5186.47	9728.66	6782.46	14587.5	3389.83
PDLIM7	3993.15	5569.77	11121.3	8148.78	11486	3730.11
PEBP1	12126.7	9915.51	17286.7	14062.3	15659	9575.75
PEF1	726.225					
PFKL;PFKM;PFKP	6784.72	8509.67	5629.64	10493.5	6838.07	4295.47
PFKL;PFKP	3500.3					
PFKP	5240.17				3413.3	
PFN1	34020.6	44105.7	44447.7	62203.9	46601.5	29907.9
PGAM1;PGAM2		4791.82	9041.5	8015.01	13741.3	4276.13
PGK1	8104.61	11746.2	13932.9	11627.3	10004	7766.03
PGK1;PGK2	13762	11225.3	13257.1	14237.1	14883.6	6926.96
PHB2	7579.1	10530.5	6258.78	8647.77	9569.92	5026.17
PHGDH			1359.07	3715.61		
PICALM	3705.8	2397.79	2164.34		5300.37	
PIGR		45321.9	17267.9	55392.5	6704.89	10348.6
PIP	3755.45	38502.8	38486	34044.1	23238.9	142684
PITHD1		5094.3				
PKLR;PKM	4830.14	32627.3	32312.8	27970.6	27555	25016.4
PKM	36118.5	41445.3	64886.1	40462.9	46494.8	30851.1
PKP1	9549.8	99301.4	108507	46798.6	61184.9	82002.9
PKP3			1887.34			1592.43
PLA2G2A	5803.46	3692.25			1228.45	
PLBD1		6992.06	8269.71	5121.47	3294.76	10647.2
PLEC	19766.5	14519.9	22155.9	14038	28933.9	9090.51
PLG	9458.53		8312.87		13198.2	
PLS3	1305.1	2242.39	2036.61	1122.74	2686.2	1089.35
PNP	2314.86	7327.14	7273.05	6150.48	6705.09	8872.84
PODN	3401.7					
POF1B	5035.81	22672.1	32365	21648.2	15646	24265.1
POSTN	97458.7	259655	116786	11125.1	259909	10147
PPIA	25487.6	24990.6	28515.1	29457.4	35167.4	16805.4
PPIA;PPIAL4C;PPIAL4D;PPIAL4E;PPIAL4F	8465.2		17317.7	13835.8	14512.7	6725.81
PPIB	3822.61	8040.43			4646.15	2961.6
PPP1CA;PPP1CB;PPP1CC	5258.24	2335.31	4407.59		4398.2	
PPP1R12A	2040.91		1158.54		849.657	
PPP1R12A;PPP1R12B	1704.08					
PPP1R14A	7221.78	1908.72	4041.03	5668.99	6337.71	2014.96
PPP2R1A	2261.34					
PRB3;PRB4		4186.36	4922.16	2888.22	1428.58	
PRDX1	44207	123614	88342.5	55524.8	83034.6	67532.8
PRDX1;PRDX2	54038.7	68140.2	90751	58445.2	54348.3	45101
PRDX1;PRDX4	25417.5	29768.3	30874.1		31818.3	58038.5
PRDX2	24641.5	49656.6	64921.8	49557.1	51782	50978
PRDX3	10510.9		8041.96		9807.96	6869.46
PRDX4	1834.8	2241.02	1842.84		1469.43	3167.88
PRDX6	16975.2	6336.48	4377.29	12583.2	8806.72	6053.62
PRELP	233414	60777.1	96634.5	98911.7	177850	19152.2
PRH2		5149.56	6085.59	3898.98		3895.71
PRKACA;PRKACB	4704.95					
PRKACB	993.843					
PRKDC	1609.98					
PRKG1	8639.22		6516.65		7545.9	2762.72
PRMT5		459.119	1160.2	1882.81		1180.96
PRNP	35453.5					
PRPH	19135					
PRPH;VIM	55858.4	46929.6	69006.8	37377.4	99865.5	22083
PRSS1	1.68454e+06	4.07886e+06	2.37207e+06	5.63144e+06	3.54211e+06	3.44135e+06
PRSS23	1953.99		3091.34		3532.06	
PRSS3	483957	668388	466824	1.13656e+06	594480	606376
PRTN3		3244.2	5060.78			2942.84
PSMA1		13498.7	11542	9024.18	5439.87	17461.1
PSMA2		11243.5	11423.1		6559.67	11779.3
PSMA3	6298.88	13004	19921.6	11996.7	11405.1	20915.7
PSMA4	6260.75	17166.9	21500.5	21554.7	14855.1	32420
PSMA5	4314.32	13884.7	9925.1	15098.3	15522	27050.5
PSMA6	6789.01	23760.4	26044.6	19853.4	16957.9	36884
PSMA7		16654.1	12490.8		3810.62	24462.9
PSMA7;PSMA8	3676.98	11948.4	11395.8	11159.5	5350.45	23351
PSMB1	7058.14	14596.5	13601.7	14602.7	12384.7	29236.5
PSMB2	5356.14	9876.88	7113.65	5090.19	4367.83	15882.8
PSMB3	2562.87	6244.23	1470.95		3255.57	9380.69
PSMB4	5503.82	12564	11211.8	11852.2	10463.5	19782.3
PSMB5	2549.48	13471.6	16554.7	9098.25	9733.82	20943.7
PSMB6	5138.75	16840.3	28193.8	19663.3	23650	54884.2
PSMB7		6844.54	4977.02	6672.57	4191.66	12711.5
PSME1	3021.98	2072.63				
PTBP1;PTBP3	2858.23					
PTGDS	42484.6		6884.19	16267.6	5997.78	8813.45
PYGB	6498.96		3462.12	3964.14	2863.52	5438.92
PYGB;PYGM	2899.79	13829.5	2765.08	4110.02	2303.37	3470.55
PYGM		7803.59			1012.07	
QPCT		3634.07	5999.57		2688.54	4807.79
QSOX1		4935	7453.68	5617.83	3770.66	6545.65
RAB10	4574.8	1802.47	2198.22	1671.6	1601.36	2337.38
RAB10;RAB14;RAB1A;RAB1B;RAB3A;RAB3B;RAB3C					10398.8	5260.19
RAB10;RAB15;RAB1A;RAB1B		3317.53	3984.15	6747.2	933.302	1549.15
RAB11A;RAB11B	8301.09	6900.62	10053.4	14873.7	11704.1	8771.3
RAB15			9705.54			
RAB18				2059.25	1679.28	
RAB1A;RAB1B	3426.38		8471.55	13891.3	11863.2	6891.81
RAB3A;RAB3B;RAB3C		5148.74	6165.32	5196.32	6596.85	4422.52
RAB5A;RAB5B;RAB5C		2111.01	1241.9	3118.74		
RAB7A			2667.28	3377.28	1341.91	2104.1
RAC1;RAC2;RAC3	16470.8	10902.7	20467.8	15454.8	21360.9	7430.9
RACK1	1889.65	2467.74	2451.91		3425.93	1400.17
RAN			1245.08	2112.6	1767.26	
RAP1A;RAP1B	30454	11049.4	24632.7	32479.2	29693.2	12901.1
RBM14	1711.05		2537.95		1241.08	
REEP5	4562.77		3886.05			
RNASE7	5639.23	21205.1	17722	15641.3	5298.73	37902.5
RO60		3620.23	2452.94	2169.8	2635.36	6887.01
RPL10	3942.95	5188.28	5625.72	7460.78	7462.04	
RPL11	2905.71	3950.15	2845.64	4240.3	2463.65	
RPL12	8443.55	5126.25	2613.12		6956.1	5020.55
RPL13	4117.27		4318.65	4832.67	1985.6	
RPL13A;RPL13AP3	2502.01	3451.1	4095.23	4859.08	3150.81	
RPL14	4316.17		2362.73	2661.52	2795.93	2042.34
RPL18	5749.61	6528.55	5225.05		5205.74	1321.55
RPL21	2027.18					
RPL22	8933.26	7648.65	8396.1	10967.5	8427.24	4302.57
RPL26;RPL26L1	5071.04			2919.66	5680.46	
RPL27A	664.587	1252.69	758.836	3940.58	1872.4	1598.27
RPL28	3297.6	4418.06	4021.36			
RPL29	3620.06					
RPL3	11136.6	13190.6	11500.7	22096.4	9290.59	12570.4
RPL31	7330.95	5080.77	8684.66	8167.29	8472.16	
RPL4	4409.57	2333.98	1884.96	5411.6		
RPL5	1407.36	2467.97	3228.3	5161.77	4133.58	1440.88
RPL7A	6501.74		2330.45	3300.15	3886.36	4925.94
RPL8	6898.24	7615.89	4772.3	9302.99	13127.6	4466.38
RPLP0	2443.75		2892.43	4780.04	2894.4	2371.62
RPLP0;RPLP0P6	3866.02	2665.07	2316.96	3245.27	3087.45	2087.96
RPLP2		3165.06			1288.84	
RPN1	5537.72	3981.84	4934.29		2878.82	3391.8
RPS10	2762.47	1725.59		3053.25	2858.66	
RPS10;RPS10P5	2592.52			6032.04	2919.15	
RPS11	8018.22		5416.55			
RPS12	138936		4297.1		7874.84	2808.37
RPS15A	3199.26	1556.93	2488.07	2999.26	2617.28	2043.75
RPS16	3741.02	3227.06	2750.22		3306.98	1897.82
RPS19	2120.34		1755.26	3453.22		
RPS2		6840.55	5082.8	7331.77	4251.36	
RPS20	4244.78	4954.71	3232.12			
RPS23		4697.31	3985.02	5917.91	4630.94	2413.46
RPS27A;UBA52;UBB;UBC	203374	294930	369757	255852	276896	310431
RPS3	5600.68	3508.62	4203.21		3593.89	
RPS4X		4028.62	1634.56	3558.14	2962.52	1642.93
RPS4X;RPS4Y1	6669.87			3568.34		
RPS7	1101.09	1067.52	447.584	185.031	892.949	500.691
RPS8		4853.26	2429.75			1808.66
RRAS	18902.6		12029	12797.3	15850	7479.02
RRAS;RRAS2	23174.3		16860.7	20468.1	24095.7	10285.9
RTN4	2247.62	15214.7	9198.93	11721.5	6581.38	16069.5
S100A11	12713.3	16598.7	13640	18581.3	14213.7	8704.92
S100A13	2934.3					
S100A14	6013.73	21867.6	15299.4	8738.66	5289.18	14825.3
S100A16	1973.91	22122.8	23219.2	22016.5	11165	14950.3
S100A4	18591.3	20310.9	37227.2	17409.6	53177.4	5500.46
S100A6	263025	72469.3	153086	266244	225726	112972
S100A7		19536	87392.7	71136.6	17518.3	70215.1
S100A7;S100A7A	5855.86	22323	69386.2	61559.4	3519.8	45751.5
S100A7A						1449.71
S100A8	28104.1	220776	116473	125366	83790.1	102385
S100A9	30749.9	239623	97048.8	115728	117055	132818
SAA1;SAA2		6163.25	4430.82	6140.05	3414.79	
SBSN	6792.73	19284	28212.4	26062.6	23973.1	26888.3
SBSPON	7655.85			3558.55		1931.95
SCGB1D2		4881.42	2391.07	10006.8	3420.58	49497.7
SCGB2A1		21914.9		6205.95	3033.33	3617.4
SCGB2A2		17377.7	18540.8	25720.3	18011.4	62734.2
SCPEP1			5573.92	6242.64	3928.9	10063.6
SDCBP	1545.88		851.135	1507.49	1851.11	1200.07
SDHA	6039.65		2004.46		2422.52	
SDR9C7	1895.15	5130.62	4960.73	4777.12	1899.9	10713.9
SEC11A		1963.61	2126.4	2582.43	1163.72	1181.13
SEC61A1			4036.62		3441.03	4490.5
SELENBP1	9458.51	5466.76	8939.39	27945.4	7949.65	24490.1
SELENOP	6599.25		4089.65		8784	
SEMA3B	3439.15					
SEMG1;SEMG2			1019.41	21215.6		3460.43
SEPTIN2	5508.22		3529.5		2498.52	
SEPTIN7	9017.95		6053.85	11055.6	7884.29	2434.02
SERPINA1	24012.7	6815.75	17072.9	15915.8	27204.6	7816.27
SERPINA12	6493.35	27091.7	35695.9	26202.3	19852	40254.8
SERPINA3	10034.3	10297.4	30323.7	39124.4	45970.3	8482.36
SERPINB12	30186.7	169071	172739	130707	109809	201465
SERPINB1;SERPINB8;SERPINI2	568.867	2419.97	1883.21	2414.95	1575.11	1129.62
SERPINB3	9911.15	62996	73737.1	61815.3	93767.2	56369.1
SERPINB3;SERPINB4	10385.5	73796.8	55626.7	59800.1	48396.7	71089.4
SERPINB4	2105.15	7702.49	8538.02	14676	6168.95	4782.86
SERPINB6		2679.74	2836.35	2919.89	1866.14	5190.72
SERPINB6;SERPINB8			5478.2	5030.34	6459.29	8938.73
SERPINB7	2867.19	17621	18892.4	20443.8	11964.7	27842.4
SERPINB8		14151.5	14469.5	10352.2	5296.58	8947.56
SERPINH1	4018.63	4246.14	1894.51	2746.83	5325.89	
SET;SETSIP	1975.13	11555	7208.28	10942.2	5616.33	7182.04
SFN;YWHAB;YWHAE;YWHAG;YWHAH;YWHAQ;YWHAZ	45680.4	22659.3	35107.9	45838.4	37328.9	17222.9
SFPQ	3434.93		2421.08		1647.16	
SH3BGRL	2969.58	1671.76	3153.48	4248.63	2929.07	1959.19
SH3BGRL3	2765.68	3899.65	6329.17		6927.14	3045
SHMT2	1045.79	7362.46	4621.83	8193	4239.89	4684.04
SIPA1			4835.25		3801.55	
SLC25A11					1589.07	
SLC25A3	5852.64	4795.81	4976.26	2186.58	6009.62	3045.25
SLC25A4			1405	1840.33	2200.76	
SLC25A4;SLC25A6	27668.8	12974.2	26647.1	40901.3	24469.7	16885.2
SLMAP	4877.3	3399.06	3677.68	7595.2	4927.3	1529
SLPI	5808.49	5496.41				
SLURP2		2513.07	3990.51		2741.42	4195.09
SND1	2463.69		1190.6		4053.56	
SNRPD2		2380.56	2458.79		1122.18	3932.2
SNRPD3	9530.78	7309.22	4895.25		8151.56	9452.44
SNRPE	1506.57	1121.56	1414.18	3348.95	1037.59	3141.9
SNX1;SNX2	2115.02		3550.64	3608.84	3669.38	
SOD1	10972.1	6754.87	13428		8314.68	13111.9
SOD3	30854	9092.81	18186.3	8348.2	25451.2	3224.12
SORBS1	8636.57			7036.96		3702.92
SORBS2	31262	2703.25	20228.9	26693.8	30510.7	16555.9
SORBS3	3744.29	5290.33	6932.84		6199.64	2634.96
SPARCL1	4794.22					
SPP1				35596.4		
SPRR1A;SPRR1B	7158.7	38649.2	16919.9		13482.1	
SPTAN1	8447.07		2929.38	5627.82	2025.59	
SPTBN1	6499.23		2125.5	3810.63	3295.27	
SRI	3795.29	4879.26	4189.55	4807.78	5381.81	4355.81
SRPX	262933	8421.9	12444.6	15049.2	18256.5	5327.36
SRSF2;SRSF8	8752.81		5945.13	6493.02	7706.5	
SSR1		5419.24			2094.98	
SSR4		4121.1	3289.96		2335.78	4528.05
STAB1	9808.74			3047.9	1316.6	
STOM	7157.3	2541.93	3980.11	9977.29	5542.58	3358.51
SULF1	11261.5		7707.11		16814.9	
SUSD2	24583.4	1194.93	3806.59	20590	12683.8	9975.11
SUSD5			3973.81		7449.11	
SYNGR2	3162.08	8181.3	6146.91	4409.79	5549.49	7722.92
SYNPO2	9584.92	2774.5	1535.15	7441.62	2504.14	2707.76
SYPL1		3467.99	1417.51	4069.49	1311.79	4396.39
TAGLN	397277	209946	450443	426123	495170	235644
TAGLN2	21709.9	60650.4	103459	30015.4	159047	12619
TAGLN2;TAGLN3	4906.99		4795.8		11158.1	
TALDO1	4925	7668.92	7420.47	12411.4	6465.55	14208.1
TF	9248.39	13635.4	27668.5	19542.2	33422.5	9308.57
TGFB1I1	9651.9	3458.65	5402.36		11004.2	1327.11
TGFBI	166746	77841	45651.7	42047.6	73490.1	16486.8
TGM1	28134.1	101633	95688.1	79973.7	49549.1	120474
TGM2	32649.2	14302.9	5448.39	28094.5	5916.38	9063.96
TGM2;TGM4	15504.9	3885.39	1837.35	11490.7	2628.08	
TGM3	17920	74789.5	72894.4	53301	60289.4	103501
TGM5		4131.34	9748.15	2800.43	5875.27	6510.26
THBS1	9289.28	15609.4	28842.8	2834.29	50516.3	3622.88
THBS1;THBS2	2994.84	5389.11	2816.77		2892.47	
THBS2	6305.77	20954.7	9391.44		15897.6	
TIMP3	575416		11017	57419.1	14114.3	18215.4
TINAGL1	82171.9	6173.07	52712.1	17791.7	38273.7	16475.1
TK2	2877.02	26004.7	25323.8		26224.7	
TKT	8999.53	7054.47	12425.2	16309.7	10948	10258.1
TLN1	30329.4	8058.41	19145.5	19471.1	26944.8	10445.2
TLN1;TLN2	11035.9	3821.29	14897.9	16770.4	17688	8751.65
TMED7	4296.48	3629.29	4910.73	5751.82	2067.04	2895.82
TMEM109	4730.19		3805.21	5753.05	5954	
TMEM43	6446.88	6529.7	4110.15	6450.02	5566.66	5160.76
TMPO	5189.42		2895.51	7229.48	3944.54	
TNC	7916.03		2197.57	8894.46	2981.64	
TNS1	13438.5	965.148	6712.52	12402.1	11159.5	5431.56
TNS1;TNS2;TNS3		2661.23	10822	10411.2	6187.4	2276.73
TNXA;TNXB	4495.83					
TNXB	16625.9		5682.37	7962.92	8671.6	
TOLLIP	4026.81	9372.27	21386.8	9554.59	10736.5	26805.2
TPD52L2	5244.69		6083.74	6035.81	5681.52	2480.49
TPI1	14875.5	19261.9	27404.5	23974.7	18468.1	15982.3
TPM1	73248.4	23648.7	66833	63969.3	73999.1	33211.6
TPM1;TPM2	235469	93843	245454	196879	292705	119151
TPM1;TPM2;TPM3;TPM4	369473	137444	330846	226377	281196	130839
TPM1;TPM3	31917.2	9306.34	28000.8	33159.8	45542.7	18292.2
TPM2	55525.2	22614.6	47835	44210.2	58971.9	20395.8
TPM2;TPM3;TPM4	9163.14		2662.47			
TPM2;TPM4	17155.8	23718.8	55085.4	49019.3	80763.1	45508.7
TPM3;TPM4	36414.8	28898.3	32916.2	22947	54740.1	12590
TPM4	21458.7	17367	17746.1	25755.6	34778.2	16440.2
TPP1	4650.39	12033.8	12978.1	10520.3	8449.26	19614.3
TREX2			4050.69	3517.6		2373
TRIM23			2837.37		1874.6	1943.27
TSKU			11243.2		4069.12	
TSPO	5647.73		5744.54	6479.61	9121.69	
TTR	3968.27	7056.46	14124.8	3216.04	17985.3	1715.45
TUBA1A	44588.1	28020.4	32032.9	33018.5	44073	21660.4
TUBA1A;TUBA4A	97633.9	57155.8	92165.8	72126.7	113147	26893.3
TUBA1A;TUBA4A;TUBA4B	11661.5	3743.28	8382.25	9129.08	7865.58	3261.82
TUBA4A;TUBA4B	7956.64	7490.08	19382.3	17788.5	18245.7	10034.3
TUBB	18346.3	12901.2	27143.6	37976.6	40281.3	17013
TUBB2A	9657.99	984.035	1949.21		2808.14	
TUBB2A;TUBB2B	8304.17	1995.7	2789.91	2826.65	5369.25	3013.81
TUBB2B	7830.26					
TUBB3	4434.31					
TUBB3;TUBB4B	4067.47		6732.26	9900.13	7645.08	
TUBB3;TUBB6	4789.29		2891.15		2617.54	1890.42
TUBB4B	10537.4	6244.27	11234.8	20996.4	14342.7	6950.8
TUBB;TUBB2A;TUBB2B;TUBB3	13564.1	10177.2	10939.7	29216.8	15857.6	16906.4
TUBB;TUBB2A;TUBB2B;TUBB3;TUBB4B	39694.8	21342	37056.1	23925.5	30968	13420.4
TUBB;TUBB2A;TUBB2B;TUBB3;TUBB4B;TUBB6	19013	13775.1	17325	27864.4	13367	9070.22
TUBB;TUBB2A;TUBB2B;TUBB4B	17068	5392.4	10639.8	10412.8	11648.7	
TUBB;TUBB2A;TUBB2B;TUBB4B;TUBB6	11570.1	7550.58	1525.22	3945.16	8455.03	5936.61
TUBB;TUBB3;TUBB4B	8471.56	13234.1	12112.1	16564.6	17717.2	
TUBB;TUBB4B	7704.68	13244	20994.7	25823.2	18295.9	13133
TUFM		5359.4	3293.75	11615	6486.19	7490.84
TWF1;TWF2			2003.42			
TXN	50099.1	157759	197268	148361	75234.6	186661
TYMP	788.849	2646.59		1633.14	801.054	
UBA1		1482.86	2123.56	2956.95	2219.57	2322.73
UBE2N;UBE2NL	3418.81		5322.92	1314.8	4659.23	
UGDH					3881.64	
UMOD	2043.87	21683.9	9800.51	15536.8	11369.8	10777.9
UPF2					23451.3	135453
UQCRC1	4293.24			3889.6	3289.8	2086.88
UTRN	596.948		292.512		291.867	
VAMP2;VAMP3	6431.1		2524.42		2814.23	
VAT1	7879.34		11359.6	14458.9	6885.35	8294.44
VCAN	25774.2	68644.3	48907.2		101251	
VCL	74884.6	30531.1	73893.4	63599.8	102175	36143
VCP	9265.45	10718.4		9132.23	9702.21	6237.12
VDAC1	4472.64	12493.6	11932.2	9858.89	8437.92	6416.07
VDAC2	10678	11117.5	13477.8	8931.41	8950.99	9500.43
VIM	323652	185531	427688	268741	587445	102518
VIT	2478.29					
VPS26A;VPS26B			1194.61		906.56	2165.49
VSIG8		7809.44	5913.32	8028.59		4236.06
VTN	133713	24273	95124.8	22571.8	104471	17223.6
VWA1	23789.5		1613.52	13247.7	10094.9	10213.4
VWF	2856.99					
WDR1	22673.1	12529.1	20681.8	18798	27359.5	13867.5
XDH				4701.47		
YWHAB	6065.2	3568.33	4313.18	6297.31	7115.33	3134.58
YWHAB;YWHAG;YWHAH;YWHAQ	18688.9	17880.7	23757.4	38154.4	36102.3	19258.3
YWHAB;YWHAG;YWHAH;YWHAZ	4581.5	1686.91	2549.61	2775.51	3903.65	
YWHAB;YWHAQ	2464.55					
YWHAB;YWHAQ;YWHAZ	8736.83	4248.03	5965.59	8405.36	8057.08	2589.73
YWHAE	12697.9	7182.94	9805.88	11957.5	5244.2	
YWHAG	11537.9	3712.05	7250.14	12378.3	13555.8	4076.81
YWHAH	10898.9		3178.61	7926.05	8353.43	
YWHAQ	12514.9	3697.08	6670.62		7803.97	4530.91
YWHAZ	19595.8	15422.2	21097.6	23455.9	21250	10124.8
ZBTB34;ZBTB37	2123.98					
ZG16B	1113.47	20334.4	30536.2	10203	1930.98	4202.69
ZYX	15813.9	9691.31	21151.1	10055.8	31517.5	
